rent_on_time_rate,avg_utility_payment_delay,education_level,monthly_cashflow,savings_ratio,region_type,employment_type,has_existing_loans,loan_repayment_consistency,digital_payment_activity,age,dependents_count,credit_score,loan_approval
0.368,7,Secondary,7539.66,0.152,Semi-urban,Self-employed,False,,0.753,56,2,620,Yes
0.821,1,PG,27855.05,0.4,Urban,Salaried,True,0.5,0.3,59,0,758,No
0.771,0,PG,31818.96,0.31,Rural,Self-employed,True,0.902,0.081,21,0,809,Yes
0.186,11,Secondary,6421.76,0.037,Urban,Salaried,False,,0.83,24,1,568,No
0.929,2,UG,41232.72,0.14,Semi-urban,Self-employed,True,0.923,0.64,54,2,826,Yes
0.883,3,UG,21171.0,0.083,Rural,Salaried,True,0.633,0.051,53,3,709,Yes
0.266,10,Secondary,-1261.03,0.0,Urban,Gig,True,0.697,0.888,54,2,549,No
0.832,1,Secondary,15714.05,0.1,Semi-urban,Salaried,False,,0.57,19,1,719,Yes
0.924,2,UG,34827.02,0.32,Semi-urban,Salaried,True,0.9,0.303,53,0,849,Yes
0.802,5,Secondary,25772.79,0.309,Rural,Self-employed,True,0.5,0.7,20,3,672,Yes
0.7,1,PG,66573.92,0.5,Rural,Salaried,True,0.94,0.151,39,0,850,Yes
0.915,0,PG,48710.01,0.211,Urban,Salaried,True,0.86,0.572,48,4,850,No
0.994,3,PG,59747.13,0.454,Semi-urban,Self-employed,True,0.842,0.757,43,3,850,Yes
0.495,32,UG,7745.68,0.086,Urban,Self-employed,False,,0.805,60,0,532,No
0.5,8,UG,11311.58,0.159,Rural,Gig,False,,0.538,40,1,653,Yes
0.508,8,Secondary,10237.1,0.079,Urban,Gig,True,0.782,0.524,54,0,672,Yes
0.712,3,UG,42619.84,0.183,Urban,Self-employed,True,0.748,0.667,50,1,788,Yes
0.864,1,Secondary,32959.43,0.4,Urban,Self-employed,False,,0.458,52,1,779,Yes
0.5,8,Secondary,23373.21,0.4,Rural,Self-employed,True,0.749,0.105,22,0,695,Yes
0.533,1,,-6013.89,0.0,Urban,Unemployed,False,,0.598,19,0,646,No
0.911,1,Secondary,29420.19,0.4,Semi-urban,Salaried,False,,0.715,20,0,782,Yes
0.919,0,PG,42704.8,0.323,Semi-urban,Salaried,True,0.932,0.88,33,1,850,Yes
0.311,26,PG,-8825.41,0.0,Semi-urban,Unemployed,False,,0.743,45,0,520,No
0.964,0,Secondary,43458.23,0.147,Semi-urban,Self-employed,True,0.95,0.638,62,0,831,Yes
0.275,1,Secondary,8651.34,0.263,Semi-urban,Self-employed,True,0.229,0.284,62,2,582,No
0.536,2,UG,24575.34,0.4,Semi-urban,Salaried,True,0.961,0.711,51,1,800,Yes
0.347,6,UG,-15879.76,0.0,Semi-urban,Unemployed,True,0.36,0.707,20,3,525,No
0.7,1,PG,57027.09,0.5,Urban,Self-employed,True,0.969,0.735,39,0,850,Yes
0.91,1,PG,54404.99,0.343,Urban,Salaried,True,0.795,0.769,64,0,850,Yes
0.739,13,Secondary,23333.84,0.105,Semi-urban,Salaried,True,0.64,0.463,59,0,642,Yes
0.862,5,UG,26348.39,0.4,Urban,Self-employed,True,0.768,0.549,32,1,804,Yes
0.418,16,UG,-9432.89,0.0,Semi-urban,Self-employed,True,0.261,0.306,37,0,521,No
0.797,11,UG,28348.84,0.202,Urban,Self-employed,False,,0.958,31,1,720,Yes
0.971,3,PG,55077.45,0.386,Urban,Salaried,True,0.7,0.819,56,0,816,Yes
0.883,1,UG,31462.25,0.4,Semi-urban,Salaried,False,,0.672,41,2,804,No
0.647,2,UG,17877.65,0.3,Urban,Salaried,False,,0.828,43,2,746,Yes
0.416,0,Secondary,8320.31,0.168,Rural,Gig,True,0.302,0.225,63,0,602,No
0.091,3,Secondary,-298.57,0.0,Urban,Gig,False,,0.715,41,2,577,Yes
0.919,0,UG,40166.85,0.355,Rural,Salaried,True,0.85,0.129,49,0,850,Yes
0.294,44,UG,-8509.64,0.0,Rural,Unemployed,True,0.16,0.279,63,1,331,No
0.5,1,UG,24968.71,0.4,Semi-urban,Salaried,True,0.796,0.2,49,3,767,Yes
0.434,7,,2995.7,0.162,Rural,Salaried,False,,0.463,39,2,655,Yes
0.565,0,Secondary,20908.55,0.238,Semi-urban,Salaried,False,,0.507,59,2,709,Yes
0.666,4,,22187.43,0.4,Urban,Self-employed,True,0.529,0.956,60,0,711,No
0.223,18,UG,4388.87,0.206,Semi-urban,Self-employed,False,,0.884,42,0,584,No
0.729,2,UG,30727.03,0.312,Urban,Salaried,False,,0.3,42,3,755,Yes
0.935,2,UG,25613.67,0.4,Semi-urban,Salaried,False,,0.2,56,1,786,Yes
0.602,9,,-4029.65,0.0,Urban,Unemployed,False,,0.448,61,0,625,No
0.767,9,UG,10146.32,0.021,Semi-urban,Salaried,True,0.346,0.512,61,4,617,No
0.826,6,,11781.63,0.044,Rural,Salaried,True,0.386,0.121,42,2,660,Yes
0.728,0,UG,29972.89,0.323,Semi-urban,Salaried,True,0.58,0.491,30,0,755,No
0.716,6,PG,49875.83,0.4,Rural,Salaried,True,0.922,0.213,34,0,833,Yes
0.634,1,,-3014.45,0.0,Semi-urban,Gig,True,0.767,0.644,48,3,704,No
0.956,0,Secondary,31964.73,0.202,Urban,Self-employed,True,0.788,0.384,47,0,816,Yes
0.8,10,Secondary,12751.57,0.278,Semi-urban,Self-employed,False,,0.2,50,1,687,Yes
0.5,1,Secondary,19653.0,0.039,Urban,Salaried,True,0.58,0.858,23,2,642,No
0.223,9,Secondary,4178.21,0.135,Semi-urban,Gig,False,,0.2,32,1,578,Yes
0.604,14,UG,-12376.32,0.0,Rural,Unemployed,False,,0.42,49,2,591,No
0.449,0,,4712.97,0.038,Urban,Gig,True,0.269,0.684,50,1,616,Yes
0.873,0,UG,55780.2,0.5,Semi-urban,Self-employed,True,0.96,0.856,37,2,850,Yes
0.183,8,,5948.92,0.3,Urban,Salaried,False,,0.512,58,1,627,Yes
0.95,4,PG,50046.46,0.253,Semi-urban,Self-employed,True,0.7,0.2,51,1,778,Yes
0.878,4,UG,21376.59,0.089,Urban,Salaried,True,0.724,0.635,64,2,768,Yes
0.213,3,Secondary,4710.65,0.09,Urban,Gig,True,0.591,0.95,29,2,584,No
0.758,2,UG,14685.41,0.012,Semi-urban,Salaried,True,0.522,0.791,31,2,694,Yes
0.857,37,UG,15655.47,0.191,Semi-urban,Salaried,False,,0.492,18,3,555,No
0.184,3,UG,-7406.74,0.0,Rural,Unemployed,False,,0.05,23,1,570,No
0.362,6,,5375.12,0.185,Urban,Salaried,True,0.171,0.686,62,3,581,No
0.687,3,Secondary,15051.01,0.098,Semi-urban,Salaried,False,,0.468,46,1,706,Yes
0.891,3,UG,31977.66,0.4,Urban,Salaried,True,0.922,0.625,63,1,837,No
0.818,19,UG,13484.99,0.083,Urban,Gig,False,,0.5,18,1,617,No
0.768,12,,5771.25,0.156,Semi-urban,Self-employed,True,0.654,0.2,56,2,630,Yes
0.333,0,Secondary,-1754.83,0.0,Semi-urban,Gig,False,,0.2,28,5,599,Yes
0.945,6,,40120.46,0.4,Urban,Self-employed,False,,0.88,19,2,771,Yes
0.5,14,Secondary,10226.43,0.198,Urban,Salaried,False,,0.802,46,2,632,No
0.659,2,UG,21382.75,0.4,Urban,Salaried,False,,0.524,50,2,755,Yes
0.7,0,Secondary,33525.9,0.4,Urban,Self-employed,False,,0.812,29,3,758,Yes
0.5,0,Secondary,11062.12,0.232,Rural,Salaried,True,0.552,0.113,50,3,655,Yes
0.871,1,Secondary,27312.57,0.081,Rural,Salaried,False,,0.044,36,0,749,Yes
0.629,14,Secondary,7736.16,0.3,Semi-urban,Salaried,False,,0.659,54,2,654,Yes
0.885,9,Secondary,17470.66,0.096,Semi-urban,Self-employed,False,,0.2,56,2,675,No
0.706,10,PG,-8715.35,0.0,Rural,Unemployed,False,,0.32,59,2,627,No
0.913,1,UG,30397.69,0.293,Urban,Self-employed,True,0.7,0.873,32,3,765,Yes
0.7,0,UG,32964.43,0.4,Urban,Salaried,False,,0.652,22,2,765,Yes
0.368,1,Secondary,-4922.82,0.0,Semi-urban,Unemployed,False,,0.224,57,0,612,No
0.984,5,UG,27715.69,0.136,Urban,Salaried,True,0.885,0.643,47,3,807,Yes
0.233,3,Secondary,730.01,0.3,Urban,Gig,True,0.566,0.789,44,4,589,No
0.913,2,UG,26501.85,0.4,Urban,Salaried,True,0.766,0.927,38,2,839,Yes
0.385,10,Secondary,6721.16,0.115,Urban,Gig,True,0.675,0.506,38,0,586,No
0.7,2,Secondary,26105.09,0.4,Semi-urban,Self-employed,False,,0.244,36,0,744,Yes
0.859,0,Secondary,32626.17,0.4,Rural,Self-employed,False,,0.154,21,1,756,Yes
0.843,6,PG,51697.87,0.361,Urban,Self-employed,True,0.96,0.711,52,1,845,Yes
0.722,3,,10836.26,0.3,Urban,Gig,False,,0.786,47,0,733,Yes
0.565,1,PG,12401.94,0.3,Semi-urban,Gig,True,0.14,0.248,44,1,652,No
0.984,0,,34650.85,0.4,Semi-urban,Self-employed,True,0.928,0.305,21,1,842,Yes
0.995,0,UG,25655.31,0.4,Urban,Salaried,False,,0.694,52,0,829,Yes
0.832,0,UG,30345.5,0.4,Urban,Salaried,False,,0.642,20,3,775,Yes
0.633,22,Secondary,21686.1,0.4,Urban,Salaried,False,,0.77,37,2,641,Yes
0.766,17,UG,13117.79,0.3,Urban,Salaried,True,0.377,0.303,62,4,606,Yes
0.829,0,Secondary,36248.48,0.1,Rural,Self-employed,True,0.883,0.227,61,1,782,Yes
0.822,0,UG,34621.46,0.249,Semi-urban,Salaried,True,0.802,0.554,50,0,834,Yes
0.186,1,,-5203.73,0.0,Urban,Gig,False,,0.57,50,3,603,No
0.733,0,UG,17393.48,0.3,Rural,Salaried,True,0.612,0.091,36,4,715,Yes
0.573,10,UG,17569.88,0.137,Rural,Gig,True,0.73,0.076,58,0,676,Yes
0.5,1,UG,18851.58,0.174,Rural,Gig,False,,0.113,18,0,674,No
0.331,4,UG,-7912.8,0.0,Semi-urban,Unemployed,False,,0.763,29,1,619,No
0.723,3,UG,23768.21,0.346,Urban,Salaried,True,0.5,0.826,52,0,736,Yes
0.833,3,UG,69611.36,0.5,Urban,Self-employed,False,,0.813,28,0,818,Yes
0.71,6,Secondary,21245.82,0.232,Rural,Self-employed,True,0.5,0.7,64,3,652,Yes
0.5,11,UG,13095.93,0.138,Urban,Gig,False,,0.3,46,0,638,Yes
0.942,0,UG,34610.41,0.399,Rural,Salaried,False,,0.371,26,1,819,Yes
0.503,17,,21845.67,0.043,Rural,Self-employed,False,,0.256,54,2,607,Yes
0.574,9,UG,-7196.29,0.0,Urban,Unemployed,False,,0.61,47,0,631,No
0.106,3,Secondary,-16542.04,0.0,Urban,Unemployed,False,,0.894,26,4,557,No
0.517,6,Secondary,17005.07,0.063,Semi-urban,Salaried,False,,0.782,49,2,667,Yes
0.676,3,UG,24290.91,0.232,Urban,Salaried,False,,0.903,25,0,756,Yes
0.58,3,Secondary,9964.45,0.082,Semi-urban,Salaried,True,0.281,0.2,49,1,625,No
0.932,6,UG,35667.8,0.4,Rural,Salaried,False,,0.365,20,1,769,Yes
0.241,11,Secondary,-17581.47,0.0,Urban,Unemployed,False,,0.3,64,5,508,No
0.122,16,Secondary,5772.31,0.3,Rural,Gig,False,,0.186,48,0,552,No
0.195,10,Secondary,8550.79,0.037,Semi-urban,Gig,False,,0.73,31,0,580,No
0.737,15,Secondary,10956.9,0.3,Urban,Salaried,False,,0.524,31,1,670,No
0.742,0,UG,13717.73,0.001,Rural,Gig,True,0.205,0.067,35,0,650,Yes
0.876,2,Secondary,22792.38,0.4,Semi-urban,Salaried,False,,0.747,40,1,781,Yes
0.5,3,PG,15557.29,0.19,Semi-urban,Salaried,True,0.667,0.539,61,0,688,Yes
0.335,1,,655.03,0.006,Urban,Gig,True,0.279,0.3,64,3,561,No
0.5,3,UG,18285.42,0.003,Urban,Gig,False,,0.331,59,2,651,No
0.777,0,PG,53659.3,0.2,Rural,Salaried,True,0.961,0.1,39,0,850,Yes
0.7,1,UG,43030.75,0.116,Urban,Salaried,True,0.995,0.721,36,0,826,Yes
0.474,52,PG,-3820.92,0.0,Semi-urban,Unemployed,False,,0.201,32,1,402,No
0.442,5,UG,-3543.28,0.0,Semi-urban,Gig,False,,0.809,28,1,635,No
0.992,3,UG,29852.63,0.142,Semi-urban,Salaried,True,0.5,0.784,33,4,738,Yes
0.7,4,PG,53988.17,0.5,Rural,Salaried,True,0.873,0.285,30,0,848,Yes
0.924,0,UG,44491.54,0.232,Urban,Salaried,True,0.7,0.862,37,0,805,Yes
0.803,6,Secondary,17567.54,0.3,Urban,Salaried,True,0.78,0.597,46,0,774,No
0.5,0,Secondary,20803.76,0.4,Urban,Salaried,True,0.753,0.7,57,0,765,Yes
0.142,1,,4480.89,0.292,Semi-urban,Gig,False,,0.438,48,2,638,No
0.936,0,UG,47318.49,0.4,Semi-urban,Self-employed,False,,0.417,32,2,817,Yes
0.5,9,PG,13536.33,0.237,Rural,Gig,True,0.8,0.036,49,1,696,Yes
0.7,0,UG,35598.53,0.329,Urban,Self-employed,True,0.894,0.912,19,3,796,No
0.331,12,Secondary,6907.93,0.292,Urban,Gig,True,0.253,0.527,58,2,533,No
0.072,0,UG,9454.6,0.121,Semi-urban,Gig,False,,0.666,58,0,625,Yes
0.506,12,,-6255.77,0.0,Urban,Unemployed,False,,0.945,19,0,594,No
0.884,1,UG,32491.14,0.4,Rural,Salaried,True,0.941,0.386,42,0,850,Yes
0.741,9,UG,26680.7,0.26,Urban,Salaried,True,0.5,0.892,36,2,694,Yes
0.5,7,Secondary,18981.75,0.047,Rural,Salaried,True,0.5,0.125,55,1,616,Yes
0.719,2,Secondary,11152.33,0.051,Urban,Salaried,True,0.508,0.903,35,3,670,Yes
0.719,19,Secondary,13326.58,0.244,Rural,Salaried,True,0.48,0.148,59,1,589,No
0.932,13,,10103.15,0.159,Semi-urban,Gig,False,,0.805,20,1,673,Yes
0.844,2,UG,23975.53,0.301,Urban,Salaried,False,,0.722,31,0,787,Yes
0.996,3,UG,34939.91,0.4,Rural,Salaried,True,0.905,0.047,59,0,847,Yes
0.937,5,Secondary,26942.27,0.313,Urban,Self-employed,True,0.644,0.771,42,2,731,Yes
0.459,4,Secondary,1714.98,0.3,Rural,Gig,False,,0.307,35,3,643,Yes
0.5,7,Secondary,23718.27,0.4,Semi-urban,Salaried,False,,0.2,57,0,688,Yes
0.717,0,UG,50373.0,0.5,Urban,Self-employed,True,0.735,0.673,62,1,832,No
0.377,10,Secondary,8394.6,0.3,Semi-urban,Gig,False,,0.319,57,1,608,Yes
0.98,0,UG,35012.23,0.4,Urban,Salaried,False,,0.686,18,1,811,Yes
0.293,19,,-6076.07,0.0,Urban,Unemployed,True,0.399,0.506,54,0,496,No
0.5,0,UG,19698.69,0.3,Urban,Salaried,True,0.928,0.566,62,1,775,Yes
0.881,2,UG,55981.76,0.5,Rural,Self-employed,True,0.937,0.012,42,0,850,Yes
0.556,6,UG,17975.92,0.014,Rural,Salaried,True,0.5,0.202,58,0,636,Yes
0.19,6,,8330.91,0.015,Semi-urban,Gig,True,0.223,0.47,61,1,533,No
0.023,2,,4625.1,0.088,Semi-urban,Gig,True,0.441,0.636,48,2,559,No
0.779,3,UG,25643.55,0.4,Urban,Salaried,False,,0.813,27,0,786,Yes
0.256,0,,6001.76,0.123,Rural,Gig,True,0.464,0.216,63,1,595,Yes
0.919,0,UG,30220.55,0.199,Semi-urban,Salaried,True,0.907,0.844,38,1,848,Yes
0.545,22,,-5061.16,0.0,Urban,Unemployed,False,,0.722,49,0,566,No
0.7,0,PG,50014.96,0.314,Urban,Self-employed,False,,0.528,29,2,790,Yes
0.5,5,Secondary,18207.53,0.277,Urban,Salaried,False,,0.491,50,2,686,Yes
0.5,6,Secondary,20127.68,0.4,Semi-urban,Salaried,True,0.503,0.758,47,0,675,Yes
0.51,3,Secondary,11077.05,0.3,Rural,Salaried,True,0.558,0.265,60,2,647,No
0.825,0,PG,54140.7,0.5,Urban,Salaried,True,0.985,0.749,55,3,850,Yes
0.938,7,PG,27295.77,0.4,Urban,Salaried,False,,0.831,31,1,796,Yes
0.915,2,UG,18280.52,0.082,Urban,Salaried,False,,0.5,21,1,740,Yes
0.321,22,Secondary,8525.68,0.3,Urban,Salaried,True,0.68,0.5,38,2,547,No
0.55,17,,8546.4,0.025,Semi-urban,Self-employed,True,0.473,0.706,19,2,550,No
0.848,0,UG,30257.89,0.157,Urban,Salaried,True,0.966,0.491,55,3,821,Yes
0.555,7,,14040.79,0.3,Semi-urban,Salaried,False,,0.4,40,1,700,Yes
0.287,6,,4107.36,0.2,Semi-urban,Gig,True,0.672,0.452,49,3,597,No
0.8,1,UG,41908.7,0.343,Rural,Salaried,True,0.845,0.327,56,2,822,Yes
0.5,0,Secondary,22726.66,0.4,Semi-urban,Self-employed,True,0.796,0.391,54,3,749,Yes
0.086,1,Secondary,-7626.39,0.0,Rural,Unemployed,False,,0.312,64,1,566,No
0.74,11,Secondary,11518.29,0.13,Rural,Self-employed,False,,0.015,51,0,659,No
0.262,3,,5344.43,0.236,Semi-urban,Gig,True,0.276,0.605,30,2,589,No
0.5,2,Secondary,10976.48,0.074,Semi-urban,Salaried,True,0.699,0.2,31,2,648,Yes
0.587,1,Secondary,14504.2,0.021,Urban,Salaried,False,,0.821,46,1,701,Yes
0.47,11,UG,-25061.5,0.0,Urban,Self-employed,False,,0.895,48,2,594,No
0.594,5,,22549.91,0.078,Semi-urban,Self-employed,True,0.931,0.227,18,0,722,Yes
0.88,0,,30063.01,0.4,Rural,Self-employed,True,0.903,0.33,64,0,837,Yes
0.722,0,Secondary,27723.94,0.4,Rural,Self-employed,False,,0.26,31,3,745,Yes
0.599,7,UG,15858.47,0.146,Urban,Salaried,False,,0.556,22,2,671,Yes
0.392,0,,-3793.48,0.0,Semi-urban,Gig,False,,0.672,32,3,640,No
0.309,14,Secondary,4628.32,0.058,Rural,Salaried,False,,0.484,56,4,559,No
0.796,7,PG,57543.23,0.5,Rural,Salaried,True,0.902,0.494,21,1,828,Yes
0.5,10,Secondary,12476.52,0.005,Rural,Salaried,False,,0.122,32,1,626,Yes
0.989,2,UG,26632.38,0.4,Urban,Salaried,True,0.725,0.823,21,0,834,Yes
0.64,10,,15347.2,0.027,Urban,Salaried,True,0.895,0.761,53,0,729,Yes
0.362,3,Secondary,2530.21,0.058,Semi-urban,Gig,False,,0.796,50,0,635,No
0.898,1,PG,46085.91,0.058,Semi-urban,Salaried,True,0.881,0.593,33,2,839,Yes
0.649,8,Secondary,21120.57,0.4,Semi-urban,Salaried,False,,0.532,61,0,708,Yes
0.797,0,Secondary,11303.48,0.065,Urban,Salaried,False,,0.949,21,0,724,Yes
0.985,0,UG,53908.05,0.5,Semi-urban,Self-employed,True,0.901,0.57,39,0,850,Yes
0.846,2,PG,49836.67,0.4,Urban,Salaried,True,0.972,0.356,40,1,850,Yes
0.5,0,Secondary,13318.88,0.076,Urban,Salaried,True,0.354,0.542,42,0,650,No
0.63,17,UG,-7909.55,0.0,Urban,Unemployed,False,,0.904,64,1,589,No
0.908,4,,11262.35,0.3,Semi-urban,Salaried,False,,0.2,54,2,753,Yes
0.423,0,Secondary,8708.59,0.028,Urban,Self-employed,True,0.15,0.886,60,1,595,No
0.244,16,Secondary,8180.58,0.011,Semi-urban,Gig,True,0.54,0.324,45,1,508,No
0.5,8,Secondary,11699.23,0.3,Urban,Salaried,False,,0.992,36,2,677,Yes
0.584,1,UG,16496.2,0.242,Semi-urban,Gig,False,,0.584,41,1,715,Yes
0.684,4,UG,18952.71,0.3,Urban,Salaried,True,0.5,0.739,59,3,689,Yes
0.331,1,Secondary,-628.7,0.0,Urban,Gig,False,,0.918,59,2,615,No
0.299,11,Secondary,2060.25,0.074,Urban,Salaried,False,,0.681,36,4,585,No
0.5,21,UG,22569.12,0.336,Urban,Salaried,False,,0.499,42,0,642,Yes
0.818,8,UG,22166.46,0.4,Rural,Salaried,False,,0.277,46,2,743,Yes
0.98,0,UG,37849.77,0.358,Semi-urban,Salaried,True,0.7,0.294,64,0,797,Yes
0.608,5,UG,11433.02,0.11,Urban,Salaried,False,,0.958,30,4,692,Yes
0.8,8,UG,20150.05,0.302,Rural,Self-employed,True,0.96,0.308,38,1,775,Yes
0.526,20,,12560.64,0.177,Rural,Self-employed,True,0.358,0.075,46,0,559,No
0.498,0,Secondary,-6915.85,0.0,Semi-urban,Unemployed,True,0.114,0.86,47,2,579,No
0.194,3,Secondary,3934.9,0.068,Urban,Salaried,False,,0.769,18,4,594,No
0.55,1,UG,9145.35,0.027,Semi-urban,Gig,True,0.45,0.444,40,0,643,No
0.388,7,Secondary,4398.37,0.116,Rural,Salaried,True,0.379,0.269,36,2,581,Yes
0.958,1,UG,32615.55,0.395,Semi-urban,Salaried,True,0.813,0.545,50,1,850,Yes
0.911,0,UG,39817.76,0.166,Semi-urban,Salaried,True,0.946,0.538,64,0,845,Yes
0.5,11,UG,24800.25,0.185,Rural,Salaried,True,0.842,0.016,57,0,700,Yes
0.755,14,PG,22827.99,0.4,Semi-urban,Salaried,True,0.5,0.339,46,1,685,No
0.964,8,UG,18009.79,0.079,Semi-urban,Gig,True,0.667,0.2,24,1,668,Yes
0.643,13,UG,24403.64,0.193,Semi-urban,Salaried,True,0.628,0.514,29,4,644,No
0.961,0,PG,55687.3,0.5,Urban,Salaried,True,0.96,0.585,63,0,850,Yes
0.73,2,UG,40542.91,0.137,Rural,Salaried,True,0.7,0.071,38,2,728,Yes
0.147,7,Secondary,1910.95,0.057,Semi-urban,Gig,False,,0.333,21,2,545,No
0.154,3,,-3364.86,0.0,Rural,Gig,False,,0.095,38,3,581,No
0.5,5,Secondary,13974.67,0.111,Semi-urban,Salaried,False,,0.694,25,1,674,Yes
0.68,6,,14246.59,0.099,Rural,Salaried,True,0.3,0.254,40,0,653,Yes
0.183,11,Secondary,4959.57,0.054,Urban,Gig,False,,0.948,36,0,575,No
0.96,0,PG,72064.88,0.5,Urban,Salaried,True,0.968,0.829,54,1,850,Yes
0.259,21,UG,7960.38,0.3,Urban,Gig,False,,0.85,21,0,557,Yes
0.595,2,Secondary,13969.9,0.047,Semi-urban,Salaried,False,,0.2,45,1,686,Yes
0.97,0,PG,31025.02,0.34,Semi-urban,Salaried,True,0.856,0.417,27,1,850,Yes
0.814,1,Secondary,47454.05,0.373,Urban,Self-employed,True,0.927,0.749,22,0,822,Yes
0.699,2,UG,-13146.68,0.0,Semi-urban,Self-employed,False,,0.5,43,2,675,No
0.998,1,,41495.45,0.4,Urban,Self-employed,False,,0.346,40,0,824,Yes
0.762,4,PG,39932.85,0.4,Semi-urban,Salaried,True,0.87,0.34,58,0,828,Yes
0.594,0,PG,-14483.41,0.0,Semi-urban,Unemployed,True,0.283,0.381,44,2,613,Yes
0.928,5,UG,27665.4,0.4,Urban,Salaried,False,,0.646,38,1,791,Yes
0.176,4,PG,8120.66,0.032,Semi-urban,Salaried,False,,0.31,36,2,633,Yes
0.179,7,,-13645.24,0.0,Urban,Unemployed,False,,0.3,41,3,558,No
0.86,1,UG,26970.18,0.4,Rural,Salaried,True,0.5,0.192,63,0,751,No
0.7,6,UG,25810.77,0.3,Urban,Salaried,False,,0.538,45,1,740,Yes
0.691,5,,11288.74,0.011,Semi-urban,Salaried,True,0.459,0.217,56,2,640,Yes
0.653,20,UG,13653.71,0.089,Rural,Gig,True,0.307,0.551,27,0,564,No
0.825,1,UG,33377.04,0.394,Semi-urban,Salaried,False,,0.426,39,1,797,Yes
0.914,1,UG,34529.27,0.4,Semi-urban,Salaried,False,,0.731,24,0,803,Yes
0.368,3,UG,-5001.06,0.0,Semi-urban,Gig,False,,0.354,55,3,614,Yes
0.412,13,UG,-4617.01,0.0,Urban,Unemployed,False,,0.748,27,0,594,No
0.967,1,UG,37519.59,0.254,Semi-urban,Salaried,False,,0.411,44,1,807,Yes
0.127,6,,2008.97,0.194,Semi-urban,Self-employed,False,,0.334,55,4,596,No
0.844,17,Secondary,13591.17,0.136,Urban,Salaried,True,0.588,0.56,48,2,628,Yes
0.949,1,PG,37812.48,0.4,Semi-urban,Salaried,True,0.7,0.619,55,3,804,Yes
0.211,15,Secondary,9732.37,0.197,Rural,Salaried,True,0.32,0.094,41,4,511,No
0.97,5,,27232.72,0.281,Rural,Self-employed,True,0.769,0.058,35,3,788,No
0.875,11,UG,11848.62,0.051,Rural,Self-employed,False,,0.286,28,3,676,Yes
0.318,6,Secondary,1430.66,0.3,Urban,Gig,True,0.789,0.813,49,2,665,Yes
0.921,0,Secondary,28667.56,0.4,Urban,Salaried,True,0.5,0.803,33,1,768,Yes
0.991,2,UG,82864.22,0.5,Semi-urban,Self-employed,False,,0.431,31,1,833,Yes
0.415,42,PG,-6669.9,0.0,Urban,Unemployed,False,,0.609,22,0,434,No
0.5,15,,13825.74,0.192,Urban,Gig,True,0.572,0.553,40,0,599,No
0.712,2,UG,20024.36,0.4,Rural,Salaried,True,0.5,0.374,59,3,707,Yes
0.5,5,,12631.32,0.209,Semi-urban,Salaried,False,,0.753,36,1,699,Yes
0.476,2,,-11790.43,0.0,Semi-urban,Unemployed,False,,0.2,60,2,619,No
0.5,1,Secondary,15687.12,0.127,Rural,Salaried,True,0.651,0.7,23,3,644,No
0.7,16,Secondary,29786.38,0.356,Rural,Self-employed,True,0.637,0.064,29,2,635,No
0.914,1,PG,46229.92,0.356,Semi-urban,Self-employed,True,0.7,0.548,19,0,786,Yes
0.353,0,Secondary,-15275.59,0.0,Urban,Unemployed,True,0.494,0.837,40,3,575,No
0.5,2,UG,17584.91,0.3,Urban,Salaried,False,,0.479,42,1,723,Yes
0.874,1,PG,80554.79,0.5,Rural,Self-employed,True,0.766,0.346,62,0,850,Yes
0.211,6,UG,-1977.33,0.0,Semi-urban,Gig,False,,0.61,43,2,590,No
0.94,0,PG,58501.77,0.5,Semi-urban,Salaried,True,0.917,0.298,34,3,850,Yes
0.955,5,Secondary,42841.32,0.4,Urban,Self-employed,True,0.936,0.718,49,0,840,Yes
0.944,0,PG,27072.46,0.384,Urban,Salaried,False,,0.53,44,1,824,Yes
0.837,1,Secondary,26746.73,0.4,Urban,Self-employed,True,0.737,0.803,48,2,803,Yes
0.552,3,Secondary,5918.28,0.169,Urban,Self-employed,True,0.268,0.953,27,2,625,No
0.229,26,Secondary,2709.44,0.084,Urban,Gig,False,,0.617,40,1,496,No
0.523,0,UG,17406.1,0.3,Rural,Salaried,False,,0.03,35,1,727,Yes
0.75,14,UG,14557.59,0.3,Semi-urban,Salaried,False,,0.323,55,4,677,Yes
0.8,23,Secondary,5123.16,0.209,Urban,Gig,True,0.348,0.909,35,0,569,No
0.756,12,Secondary,11523.57,0.02,Semi-urban,Salaried,False,,0.6,29,4,647,Yes
0.258,18,,4199.65,0.3,Semi-urban,Gig,True,0.419,0.2,50,1,527,No
0.7,3,UG,28304.17,0.4,Urban,Salaried,True,0.836,0.946,50,1,817,Yes
0.521,5,,6117.49,0.21,Semi-urban,Gig,False,,0.456,56,1,660,Yes
0.947,5,PG,39070.56,0.127,Urban,Salaried,False,,0.624,26,1,787,Yes
0.7,0,,33946.68,0.4,Rural,Self-employed,True,0.7,0.503,31,0,763,Yes
0.675,1,Secondary,19229.56,0.3,Semi-urban,Self-employed,False,,0.312,44,1,725,Yes
0.741,2,UG,25974.82,0.221,Rural,Salaried,True,0.5,0.651,59,3,704,Yes
0.153,9,Secondary,4943.98,0.006,Semi-urban,Gig,False,,0.793,46,1,568,No
0.472,10,UG,-5554.11,0.0,Semi-urban,Unemployed,False,,0.785,20,0,597,No
0.373,15,,9837.08,0.081,Urban,Salaried,True,0.318,0.858,53,1,567,No
0.287,11,PG,8462.88,0.124,Urban,Self-employed,True,0.505,0.731,47,2,586,No
0.5,1,,12395.4,0.264,Urban,Self-employed,True,0.562,0.882,54,5,666,Yes
0.76,2,Secondary,16638.95,0.001,Urban,Salaried,False,,0.487,45,2,708,Yes
0.467,0,,2699.71,0.3,Rural,Gig,False,,0.091,43,2,680,Yes
0.878,17,Secondary,13539.74,0.243,Semi-urban,Gig,False,,0.518,43,0,662,Yes
0.5,0,Secondary,19637.06,0.074,Rural,Self-employed,True,0.735,0.275,53,3,706,Yes
0.929,1,PG,48592.36,0.096,Semi-urban,Salaried,True,0.756,0.844,50,3,840,Yes
0.862,2,Secondary,15106.98,0.106,Urban,Salaried,False,,0.393,58,0,730,No
0.615,1,,22481.16,0.4,Semi-urban,Self-employed,False,,0.964,31,3,748,Yes
0.99,1,UG,29071.07,0.184,Urban,Salaried,False,,0.547,49,2,793,Yes
0.386,7,,9799.2,0.27,Urban,Gig,False,,0.5,39,0,656,No
0.209,3,Secondary,-4150.26,0.0,Rural,Gig,True,0.536,0.293,19,3,523,No
0.631,1,UG,23213.6,0.4,Rural,Salaried,False,,0.264,39,1,757,Yes
0.5,2,PG,24471.47,0.251,Urban,Salaried,False,,0.502,53,0,740,Yes
0.5,0,Secondary,11781.03,0.033,Rural,Salaried,False,,0.21,18,2,655,Yes
0.399,23,UG,8057.78,0.08,Urban,Gig,False,,0.709,28,2,552,No
0.5,0,UG,19041.4,0.3,Rural,Salaried,True,0.925,0.464,36,1,782,Yes
0.978,9,UG,25785.98,0.383,Urban,Salaried,True,0.5,0.917,58,0,739,Yes
0.373,2,Secondary,-8341.49,0.0,Rural,Unemployed,True,0.553,0.7,52,1,587,No
0.365,10,UG,6292.5,0.159,Urban,Self-employed,True,0.378,0.518,34,3,573,No
0.288,14,,-9930.4,0.0,Semi-urban,Unemployed,False,,0.8,56,1,552,No
0.069,7,UG,-4361.68,0.0,Rural,Unemployed,False,,0.04,47,0,562,No
0.813,0,PG,40221.69,0.4,Semi-urban,Self-employed,True,0.928,0.301,50,4,839,Yes
0.643,4,UG,13558.22,0.068,Semi-urban,Salaried,False,,0.2,26,3,690,No
0.5,4,,23831.73,0.4,Urban,Self-employed,False,,0.517,52,3,710,Yes
0.5,3,UG,17978.19,0.16,Semi-urban,Salaried,False,,0.508,41,0,710,Yes
0.346,0,Secondary,8294.43,0.3,Rural,Salaried,True,0.098,0.003,52,1,609,No
0.782,3,UG,37563.21,0.4,Semi-urban,Salaried,True,0.775,0.2,31,0,823,Yes
0.239,11,Secondary,-10234.69,0.0,Urban,Unemployed,False,,0.708,35,2,548,No
0.801,0,PG,50788.67,0.431,Urban,Self-employed,True,0.925,0.902,38,1,850,Yes
0.957,3,PG,52607.02,0.5,Rural,Salaried,True,0.979,0.227,49,0,850,Yes
0.483,1,UG,9266.48,0.249,Urban,Salaried,True,0.232,0.859,32,3,652,Yes
0.735,21,UG,14363.11,0.221,Urban,Salaried,False,,0.409,43,4,633,Yes
0.685,4,UG,20976.31,0.4,Rural,Self-employed,False,,0.228,21,0,722,Yes
0.182,21,Secondary,7822.99,0.146,Semi-urban,Gig,False,,0.689,28,0,532,Yes
0.877,0,UG,62604.31,0.5,Semi-urban,Self-employed,True,0.7,0.2,45,1,802,Yes
0.5,13,PG,22764.83,0.192,Urban,Self-employed,True,0.744,0.718,64,4,675,Yes
0.647,11,Secondary,-10633.57,0.0,Semi-urban,Unemployed,False,,0.335,64,2,587,Yes
0.962,3,UG,38108.36,0.4,Semi-urban,Salaried,False,,0.451,37,0,817,Yes
0.5,1,UG,17610.46,0.217,Semi-urban,Salaried,False,,0.404,39,0,723,Yes
0.965,2,UG,72844.91,0.5,Semi-urban,Self-employed,True,0.76,0.2,58,2,844,Yes
0.856,8,,19665.15,0.183,Urban,Self-employed,True,0.5,0.754,59,2,677,Yes
0.79,0,UG,52607.38,0.281,Urban,Self-employed,True,0.818,0.3,64,2,815,Yes
0.277,10,Secondary,7737.87,0.3,Urban,Self-employed,True,0.365,0.904,49,2,573,No
0.208,0,UG,-7061.09,0.0,Rural,Unemployed,False,,0.046,21,1,588,No
0.944,2,Secondary,21279.03,0.4,Semi-urban,Salaried,True,0.985,0.516,20,1,817,Yes
0.746,7,Secondary,10564.02,0.3,Rural,Self-employed,False,,0.07,40,2,687,Yes
0.016,7,Secondary,9485.74,0.293,Rural,Salaried,True,0.21,0.369,22,0,530,No
0.682,9,Secondary,7516.38,0.056,Rural,Salaried,False,,0.103,30,1,656,No
0.5,13,Secondary,12911.03,0.3,Semi-urban,Self-employed,True,0.388,0.353,40,3,581,Yes
0.09,0,UG,-9074.61,0.0,Semi-urban,Self-employed,False,,0.2,21,2,578,No
0.216,24,,-13777.92,0.0,Rural,Unemployed,False,,0.139,23,3,455,No
0.599,4,UG,21521.46,0.4,Urban,Salaried,True,0.5,0.341,56,0,697,Yes
0.753,0,UG,38984.56,0.4,Rural,Self-employed,True,0.735,0.1,51,3,805,Yes
0.7,0,Secondary,30850.27,0.207,Semi-urban,Self-employed,True,0.949,0.262,30,2,780,Yes
0.09,3,Secondary,-674.2,0.0,Rural,Gig,True,0.258,0.07,53,2,508,No
0.711,8,,12304.98,0.001,Semi-urban,Salaried,True,0.596,0.804,50,0,670,Yes
0.916,1,,22408.66,0.4,Rural,Salaried,True,0.5,0.124,19,0,743,Yes
0.93,1,Secondary,58855.77,0.5,Rural,Self-employed,True,0.72,0.004,18,0,822,Yes
0.983,4,Secondary,26539.43,0.4,Urban,Salaried,False,,0.998,39,0,800,Yes
0.936,1,PG,47810.94,0.355,Rural,Salaried,True,0.877,0.046,36,0,850,Yes
0.772,4,Secondary,17137.3,0.3,Urban,Salaried,False,,0.913,35,1,744,Yes
0.771,0,,47980.18,0.4,Urban,Self-employed,True,0.989,0.412,42,1,850,Yes
0.043,4,Secondary,7384.89,0.036,Urban,Gig,False,,0.902,59,1,576,No
0.982,2,Secondary,45343.28,0.4,Urban,Self-employed,False,,0.851,21,1,790,Yes
0.5,0,UG,22737.07,0.4,Urban,Salaried,True,0.5,0.46,52,3,701,Yes
0.636,10,UG,13931.1,0.3,Urban,Salaried,True,0.394,0.473,55,2,648,No
0.334,3,,-9410.59,0.0,Rural,Unemployed,True,0.431,0.557,58,0,572,No
0.445,11,UG,7352.85,0.006,Urban,Gig,False,,0.814,56,1,607,No
0.969,2,UG,32768.65,0.4,Rural,Salaried,False,,0.329,25,1,811,Yes
0.719,14,UG,-2684.05,0.0,Rural,Gig,False,,0.235,42,2,613,Yes
0.658,20,Secondary,6186.18,0.3,Urban,Self-employed,False,,0.608,19,3,591,Yes
0.925,6,Secondary,42736.61,0.146,Urban,Self-employed,True,0.885,0.935,38,0,806,Yes
0.821,1,Secondary,34180.96,0.338,Urban,Self-employed,True,0.779,0.611,58,0,802,Yes
0.891,0,UG,47153.23,0.4,Semi-urban,Self-employed,False,,0.48,23,0,802,Yes
0.86,10,Secondary,25542.02,0.292,Semi-urban,Salaried,True,0.779,0.2,60,0,751,Yes
0.5,12,,10448.19,0.3,Semi-urban,Salaried,True,0.19,0.832,59,1,602,Yes
0.504,2,UG,3927.99,0.3,Semi-urban,Gig,True,0.391,0.2,34,1,639,No
0.968,0,UG,36682.61,0.301,Semi-urban,Salaried,True,0.7,0.564,33,2,794,Yes
0.891,0,UG,28471.39,0.23,Urban,Salaried,False,,0.85,32,1,799,Yes
0.738,4,UG,17443.25,0.135,Semi-urban,Salaried,True,0.719,0.78,34,1,767,Yes
0.7,1,UG,32310.04,0.4,Urban,Salaried,False,,0.914,29,1,789,Yes
0.277,7,UG,-3385.91,0.0,Semi-urban,Unemployed,True,0.392,0.52,59,0,547,No
0.5,1,UG,24400.87,0.4,Rural,Self-employed,True,0.706,0.307,59,4,737,Yes
0.435,16,Secondary,5812.78,0.133,Rural,Self-employed,True,0.534,0.15,41,1,550,No
0.739,0,,22560.92,0.4,Semi-urban,Self-employed,True,0.5,0.644,42,1,738,Yes
0.7,9,UG,29372.82,0.4,Urban,Salaried,False,,0.919,47,2,741,Yes
0.615,0,UG,20187.88,0.309,Semi-urban,Salaried,True,0.793,0.925,54,0,804,Yes
0.108,24,Secondary,3914.95,0.3,Urban,Gig,True,0.621,0.908,57,1,481,No
0.285,1,UG,-9393.38,0.0,Urban,Unemployed,False,,0.95,32,2,625,Yes
0.5,0,UG,15683.43,0.05,Rural,Salaried,True,0.757,0.623,57,2,728,Yes
0.8,2,Secondary,21647.48,0.346,Urban,Salaried,True,0.775,0.836,18,1,781,Yes
0.315,19,UG,-10886.36,0.0,Urban,Unemployed,False,,0.886,21,1,521,No
0.504,3,UG,20848.17,0.31,Urban,Self-employed,False,,0.597,57,1,705,Yes
0.234,1,Secondary,6062.14,0.171,Rural,Gig,True,0.098,0.7,59,1,557,No
0.5,5,UG,23979.25,0.342,Rural,Salaried,True,0.867,0.062,51,2,748,Yes
0.592,2,Secondary,15700.09,0.3,Semi-urban,Salaried,False,,0.773,37,1,725,Yes
0.965,2,PG,53606.54,0.5,Rural,Salaried,True,0.7,0.15,64,0,819,Yes
0.87,0,Secondary,27153.98,0.156,Urban,Salaried,True,0.807,0.3,61,1,790,Yes
0.19,0,Secondary,-1793.54,0.0,Rural,Unemployed,False,,0.272,45,0,606,No
0.655,5,UG,-2940.14,0.0,Semi-urban,Unemployed,True,0.544,0.386,45,1,624,No
0.448,37,,1875.24,0.3,Urban,Gig,False,,0.504,59,3,485,No
0.102,31,UG,503.83,0.3,Urban,Gig,False,,0.92,26,4,479,No
0.864,6,UG,25184.67,0.4,Semi-urban,Salaried,False,,0.207,27,0,771,Yes
0.961,3,Secondary,26359.9,0.204,Urban,Self-employed,False,,0.5,33,4,742,Yes
0.7,0,UG,45427.48,0.4,Urban,Salaried,True,0.983,0.78,18,0,842,Yes
0.834,2,UG,37822.06,0.204,Rural,Salaried,False,,0.195,20,0,759,Yes
0.151,8,PG,6421.34,0.298,Semi-urban,Gig,True,0.272,0.52,30,2,564,No
0.7,12,Secondary,28935.42,0.4,Rural,Self-employed,True,0.5,0.51,58,1,652,Yes
0.5,4,UG,17164.02,0.106,Semi-urban,Salaried,True,0.5,0.453,32,3,646,Yes
0.566,1,Secondary,12331.05,0.182,Urban,Gig,False,,0.627,58,0,683,No
0.71,1,Secondary,28692.4,0.23,Semi-urban,Self-employed,False,,0.852,30,0,749,Yes
0.361,7,Secondary,6675.54,0.3,Rural,Gig,False,,0.324,37,0,634,Yes
0.5,12,UG,13638.28,0.068,Semi-urban,Salaried,False,,0.545,55,1,647,No
0.71,4,UG,29509.84,0.4,Semi-urban,Salaried,True,0.5,0.562,61,2,715,No
0.725,3,UG,12585.32,0.177,Rural,Salaried,True,0.1,0.569,47,0,671,Yes
0.725,5,Secondary,30590.48,0.4,Semi-urban,Self-employed,False,,0.636,39,1,740,Yes
0.746,14,Secondary,14205.63,0.023,Semi-urban,Salaried,True,0.428,0.471,41,2,604,No
0.191,3,Secondary,-7377.07,0.0,Urban,Unemployed,False,,0.573,62,0,581,No
0.291,5,Secondary,-8782.85,0.0,Rural,Unemployed,False,,0.442,59,0,581,No
0.5,15,Secondary,11356.73,0.298,Semi-urban,Salaried,False,,0.706,25,2,636,No
0.095,1,Secondary,3251.47,0.213,Rural,Gig,False,,0.079,44,2,600,No
0.115,14,Secondary,8261.91,0.3,Urban,Salaried,False,,0.826,28,2,586,No
0.361,16,Secondary,2728.28,0.185,Rural,Gig,False,,0.045,34,0,568,No
0.999,1,UG,47581.14,0.295,Semi-urban,Self-employed,True,0.92,0.89,64,1,850,Yes
0.49,6,UG,5746.86,0.033,Rural,Self-employed,False,,0.169,28,1,647,No
0.292,5,Secondary,3206.03,0.17,Rural,Gig,False,,0.308,20,2,588,Yes
0.468,3,Secondary,3448.8,0.056,Urban,Self-employed,False,,0.3,40,0,651,Yes
0.669,3,UG,15249.32,0.3,Urban,Salaried,False,,0.627,43,2,737,Yes
0.7,1,PG,59172.28,0.5,Semi-urban,Salaried,True,0.715,0.304,53,2,841,Yes
0.834,16,Secondary,13556.54,0.295,Urban,Self-employed,False,,0.759,21,0,660,Yes
0.87,1,PG,56954.7,0.5,Urban,Salaried,True,0.7,0.3,64,1,808,Yes
0.7,3,PG,54974.98,0.5,Urban,Salaried,True,0.744,0.91,28,1,850,Yes
0.783,1,,40182.82,0.4,Semi-urban,Self-employed,True,0.852,0.642,57,3,815,Yes
0.786,3,,12584.45,0.268,Urban,Self-employed,True,0.163,0.783,21,1,663,No
0.107,1,,2124.94,0.007,Semi-urban,Gig,True,0.438,0.368,55,3,555,No
0.873,1,Secondary,23225.27,0.4,Urban,Salaried,True,0.588,0.3,53,3,738,Yes
0.867,6,PG,47538.87,0.109,Urban,Self-employed,True,0.942,0.758,60,3,800,Yes
0.537,6,,-6750.89,0.0,Rural,Unemployed,True,0.491,0.313,38,2,588,No
0.205,0,UG,1737.61,0.3,Semi-urban,Gig,True,0.286,0.302,64,3,579,No
0.5,3,,12113.28,0.183,Urban,Self-employed,False,,0.92,59,3,679,No
0.411,7,,7329.75,0.066,Urban,Gig,False,,0.946,18,0,626,Yes
0.969,5,UG,30391.29,0.4,Urban,Salaried,True,0.7,0.331,57,0,768,Yes
0.306,24,Secondary,-3432.31,0.0,Urban,Unemployed,False,,0.963,38,0,514,No
0.5,1,PG,20197.29,0.4,Semi-urban,Gig,False,,0.643,27,0,739,Yes
0.877,2,PG,34061.84,0.067,Rural,Salaried,False,,0.071,27,2,765,Yes
0.614,3,UG,-329.25,0.0,Urban,Self-employed,False,,0.975,39,1,686,No
0.843,10,Secondary,14542.34,0.135,Semi-urban,Gig,True,0.161,0.658,20,0,602,No
0.409,5,Secondary,7999.77,0.012,Semi-urban,Gig,True,0.698,0.733,57,0,601,No
0.503,47,,4807.84,0.005,Semi-urban,Gig,False,,0.684,33,2,435,No
0.391,7,PG,3734.3,0.3,Semi-urban,Gig,False,,0.831,33,2,661,Yes
0.319,2,UG,6184.21,0.101,Urban,Salaried,True,0.31,0.977,31,5,605,Yes
0.5,9,Secondary,16156.68,0.084,Urban,Salaried,True,0.762,0.991,21,1,675,No
0.135,1,PG,-8232.05,0.0,Semi-urban,Self-employed,False,,0.2,33,5,595,No
0.799,5,PG,33539.95,0.4,Semi-urban,Salaried,True,0.806,0.5,33,3,814,Yes
0.507,11,,6974.09,0.3,Urban,Salaried,True,0.122,0.396,43,2,595,No
0.551,2,Secondary,18931.86,0.04,Urban,Salaried,True,0.5,0.624,43,0,662,Yes
0.75,10,,25213.99,0.135,Semi-urban,Self-employed,False,,0.281,40,3,685,Yes
0.08,15,Secondary,954.73,0.024,Rural,Gig,True,0.295,0.619,62,2,455,Yes
0.856,4,UG,49417.98,0.282,Semi-urban,Salaried,True,0.7,0.422,36,2,766,Yes
0.5,0,Secondary,21806.09,0.312,Semi-urban,Salaried,False,,0.659,36,2,722,Yes
0.993,2,PG,36248.8,0.263,Rural,Salaried,True,0.871,0.005,31,2,846,Yes
1.0,7,UG,26963.7,0.338,Urban,Salaried,True,0.5,0.651,30,3,738,Yes
0.5,23,UG,10832.27,0.1,Semi-urban,Salaried,False,,0.711,21,3,566,No
0.645,0,Secondary,-6783.16,0.0,Urban,Gig,False,,0.694,36,5,648,No
0.5,1,UG,23382.12,0.236,Urban,Salaried,True,0.569,0.958,34,1,706,Yes
0.5,17,UG,14661.92,0.176,Urban,Salaried,True,0.096,0.539,50,1,565,No
0.28,5,UG,7965.75,0.158,Semi-urban,Gig,False,,0.288,63,2,614,Yes
0.5,9,Secondary,15058.63,0.101,Rural,Salaried,False,,0.499,33,1,651,Yes
0.584,2,UG,10078.62,0.3,Semi-urban,Salaried,True,0.637,0.21,32,2,691,No
0.5,16,Secondary,24734.45,0.4,Urban,Salaried,True,0.603,0.636,60,0,625,Yes
0.589,7,UG,8323.04,0.055,Semi-urban,Salaried,True,0.517,0.598,62,3,624,No
0.338,0,UG,-7100.88,0.0,Urban,Unemployed,False,,0.915,26,0,649,Yes
0.804,2,UG,37096.38,0.214,Rural,Salaried,True,0.7,0.009,53,1,747,No
0.214,30,Secondary,8232.78,0.004,Semi-urban,Gig,True,0.687,0.2,50,0,447,Yes
0.25,1,Secondary,5736.19,0.151,Semi-urban,Gig,False,,0.738,57,1,626,No
0.831,0,PG,61079.13,0.315,Urban,Self-employed,True,0.831,0.3,64,3,830,Yes
0.18,6,UG,-17009.11,0.0,Rural,Unemployed,False,,0.0,24,3,534,No
0.177,4,UG,7484.25,0.3,Urban,Gig,True,0.795,0.833,20,2,657,Yes
0.791,4,UG,13512.79,0.118,Rural,Salaried,False,,0.477,41,1,731,Yes
0.564,2,UG,21477.58,0.064,Semi-urban,Salaried,True,0.765,0.738,40,1,752,No
0.507,7,UG,12908.47,0.297,Urban,Salaried,True,0.474,0.781,33,3,652,Yes
0.603,1,Secondary,16808.87,0.106,Rural,Salaried,False,,0.044,20,1,678,Yes
0.505,8,Secondary,-2725.3,0.0,Rural,Gig,False,,0.056,24,2,575,No
0.822,1,UG,17526.03,0.279,Urban,Salaried,False,,0.514,57,2,756,Yes
0.84,0,UG,34044.34,0.274,Semi-urban,Salaried,True,0.922,0.273,26,1,838,Yes
0.808,6,Secondary,18409.61,0.236,Urban,Salaried,False,,0.929,28,0,739,Yes
0.7,4,PG,44598.88,0.247,Rural,Salaried,True,0.7,0.43,50,1,751,Yes
0.298,7,Secondary,-11197.79,0.0,Semi-urban,Unemployed,False,,0.86,23,3,553,Yes
0.182,3,Secondary,6660.69,0.246,Urban,Gig,True,0.545,0.656,53,0,598,No
0.399,12,,1341.31,0.256,Urban,Gig,False,,0.828,25,2,620,No
0.967,0,UG,48865.82,0.384,Semi-urban,Self-employed,True,0.961,0.473,53,0,850,Yes
0.989,0,UG,36057.7,0.163,Semi-urban,Salaried,True,0.863,0.423,26,1,848,Yes
0.971,5,PG,75233.4,0.5,Rural,Self-employed,True,0.981,0.7,44,0,850,Yes
0.369,19,,-7524.12,0.0,Urban,Gig,False,,0.654,42,4,533,No
0.627,20,Secondary,-1535.28,0.0,Rural,Gig,False,,0.278,40,2,557,Yes
0.744,0,UG,42869.35,0.4,Semi-urban,Salaried,False,,0.374,56,0,795,Yes
0.841,0,UG,34630.21,0.169,Semi-urban,Salaried,False,,0.81,23,1,771,Yes
0.9,0,PG,40098.21,0.132,Semi-urban,Self-employed,True,0.7,0.797,63,0,776,Yes
0.5,1,UG,10997.48,0.11,Urban,Self-employed,True,0.508,0.371,61,1,645,Yes
0.522,0,,9686.34,0.189,Urban,Gig,False,,0.826,36,0,709,No
0.238,13,,6938.21,0.028,Urban,Salaried,True,0.455,0.903,58,3,542,No
0.5,3,Secondary,15914.08,0.017,Urban,Salaried,True,0.702,0.987,22,1,693,Yes
0.5,0,UG,24199.01,0.4,Urban,Salaried,True,0.5,0.818,58,1,710,Yes
0.395,19,Secondary,-9512.28,0.0,Rural,Unemployed,False,,0.021,30,1,522,No
0.88,1,UG,19770.23,0.3,Urban,Salaried,False,,0.375,53,0,786,Yes
0.912,4,Secondary,25086.33,0.229,Urban,Self-employed,False,,0.616,22,1,728,Yes
0.729,3,UG,23246.3,0.4,Semi-urban,Salaried,True,0.702,0.747,23,2,776,Yes
0.29,30,,-7274.06,0.0,Semi-urban,Unemployed,False,,0.607,36,1,481,No
0.839,5,PG,32882.51,0.24,Semi-urban,Salaried,False,,0.712,40,0,784,Yes
0.372,16,UG,4992.81,0.008,Urban,Gig,False,,0.662,58,1,567,No
0.136,5,Secondary,2903.22,0.229,Urban,Gig,False,,0.513,54,2,596,No
0.7,0,UG,29166.31,0.223,Rural,Salaried,False,,0.051,26,1,756,Yes
0.5,1,Secondary,19351.13,0.3,Urban,Self-employed,False,,0.369,41,2,697,Yes
0.85,1,,38606.49,0.4,Rural,Self-employed,True,0.7,0.062,38,2,764,Yes
0.991,4,UG,25797.27,0.156,Urban,Self-employed,True,0.697,0.799,61,0,746,Yes
0.345,25,Secondary,3017.19,0.3,Semi-urban,Salaried,False,,0.555,32,2,553,Yes
0.7,0,PG,32719.72,0.138,Urban,Salaried,False,,0.72,26,2,769,Yes
0.443,24,Secondary,3392.68,0.3,Urban,Gig,False,,0.717,23,2,535,No
0.689,5,Secondary,16710.44,0.3,Urban,Self-employed,True,0.777,0.738,25,0,755,Yes
0.963,13,UG,25581.38,0.4,Urban,Salaried,True,0.692,0.602,30,2,727,No
0.993,1,UG,43089.84,0.4,Semi-urban,Self-employed,True,0.99,0.772,47,1,850,Yes
0.21,10,Secondary,-3708.38,0.0,Rural,Gig,False,,0.587,39,3,548,No
0.334,29,PG,2878.78,0.3,Semi-urban,Salaried,False,,0.369,31,0,563,No
0.627,12,,12197.62,0.181,Urban,Self-employed,False,,0.948,51,2,668,No
0.857,0,PG,42135.67,0.205,Urban,Self-employed,False,,0.64,28,1,801,Yes
0.549,12,Secondary,13857.52,0.032,Urban,Salaried,True,0.444,0.915,32,3,592,No
0.945,10,,20377.85,0.244,Rural,Self-employed,False,,0.045,18,1,703,Yes
0.916,1,UG,38634.98,0.206,Semi-urban,Salaried,True,0.967,0.385,23,0,832,Yes
0.5,14,Secondary,13962.36,0.035,Rural,Salaried,False,,0.144,21,1,591,Yes
0.638,0,Secondary,12020.67,0.029,Urban,Salaried,True,0.201,0.948,32,3,644,Yes
0.817,2,UG,36015.19,0.4,Urban,Salaried,True,0.72,0.978,20,0,822,Yes
0.673,19,UG,10072.46,0.09,Urban,Salaried,False,,0.795,38,2,635,No
0.771,0,UG,30830.84,0.4,Urban,Salaried,False,,0.459,46,2,788,No
0.5,3,Secondary,15148.13,0.084,Semi-urban,Salaried,True,0.728,0.651,49,0,719,No
0.5,0,Secondary,18944.53,0.089,Rural,Salaried,True,0.5,0.181,49,3,646,No
0.722,0,Secondary,32090.59,0.4,Semi-urban,Self-employed,False,,0.593,47,0,771,Yes
0.809,4,UG,20333.59,0.327,Semi-urban,Gig,True,0.503,0.497,33,0,711,No
0.989,0,UG,36508.74,0.282,Urban,Salaried,True,0.831,0.419,63,0,850,Yes
0.592,0,Secondary,11143.62,0.212,Urban,Salaried,False,,0.685,53,2,714,Yes
0.205,10,Secondary,1522.92,0.015,Rural,Gig,True,0.675,0.368,31,1,538,No
0.763,1,UG,25188.73,0.4,Urban,Self-employed,True,0.617,0.453,54,2,740,Yes
0.7,5,UG,49916.15,0.387,Urban,Self-employed,False,,0.712,21,0,756,No
0.7,2,UG,31600.73,0.361,Rural,Salaried,True,0.7,0.263,44,2,741,Yes
0.073,10,Secondary,2103.98,0.009,Urban,Gig,False,,0.475,42,2,538,No
0.7,4,UG,28452.34,0.4,Urban,Salaried,False,,0.3,41,2,753,Yes
0.539,10,,-1083.01,0.0,Urban,Gig,False,,0.626,46,2,617,No
0.272,1,Secondary,6050.63,0.3,Urban,Self-employed,False,,0.351,53,3,647,Yes
0.997,3,PG,35428.24,0.4,Rural,Salaried,True,0.7,0.396,27,2,798,Yes
0.999,1,PG,58097.45,0.5,Rural,Salaried,True,0.969,0.111,30,2,850,Yes
0.483,14,,-4607.57,0.0,Urban,Gig,True,0.5,0.971,63,2,547,No
0.424,19,Secondary,7588.77,0.282,Semi-urban,Gig,False,,0.855,29,2,583,No
0.886,0,UG,70313.68,0.44,Semi-urban,Self-employed,True,0.973,0.552,41,1,850,Yes
0.554,6,,-6065.12,0.0,Semi-urban,Gig,False,,0.549,39,5,618,No
0.5,2,UG,21488.19,0.4,Urban,Salaried,False,,0.561,48,1,738,Yes
0.729,1,UG,22541.2,0.4,Urban,Salaried,True,0.5,0.601,45,4,726,Yes
0.858,0,PG,59318.5,0.5,Urban,Salaried,True,0.7,0.855,26,0,838,Yes
0.304,5,Secondary,6597.63,0.007,Semi-urban,Gig,False,,0.2,20,2,574,No
0.245,7,UG,-1303.92,0.0,Rural,Unemployed,True,0.679,0.365,53,0,574,No
0.127,4,,3944.97,0.3,Semi-urban,Salaried,False,,0.636,26,2,645,Yes
0.801,3,UG,15210.17,0.244,Semi-urban,Salaried,False,,0.776,28,3,748,Yes
0.7,1,UG,30176.82,0.4,Urban,Self-employed,True,0.7,0.524,44,1,749,Yes
0.901,1,PG,53006.55,0.5,Urban,Salaried,True,0.797,0.817,26,2,850,Yes
0.912,12,UG,23548.13,0.326,Urban,Salaried,True,0.626,0.918,20,0,707,Yes
0.998,4,UG,42346.87,0.066,Semi-urban,Salaried,False,,0.574,40,2,781,Yes
0.5,0,UG,16410.95,0.134,Urban,Salaried,False,,0.999,19,3,695,Yes
0.744,7,Secondary,14589.5,0.043,Urban,Salaried,False,,0.752,20,1,674,Yes
0.692,40,Secondary,-4216.34,0.0,Semi-urban,Unemployed,False,,0.499,18,0,458,No
0.835,22,Secondary,17580.15,0.24,Urban,Self-employed,False,,0.891,32,2,642,Yes
0.964,0,PG,67841.62,0.323,Semi-urban,Salaried,True,0.7,0.912,53,2,826,Yes
0.771,3,PG,55619.85,0.5,Semi-urban,Salaried,True,0.7,0.558,64,2,785,Yes
0.514,10,Secondary,4605.18,0.3,Rural,Salaried,False,,0.06,40,3,638,Yes
0.752,0,UG,20538.27,0.396,Urban,Gig,False,,0.341,50,0,763,Yes
0.509,0,Secondary,17792.72,0.3,Rural,Self-employed,False,,0.421,41,3,698,No
0.878,1,UG,32094.64,0.32,Rural,Salaried,True,0.91,0.41,32,1,843,Yes
0.555,5,Secondary,10082.44,0.097,Semi-urban,Salaried,False,,0.451,53,0,677,Yes
0.992,1,PG,45227.92,0.4,Urban,Salaried,True,0.757,0.598,50,1,850,Yes
0.182,15,UG,-904.27,0.0,Rural,Gig,False,,0.149,37,3,528,No
0.578,13,Secondary,5909.96,0.134,Semi-urban,Gig,False,,0.858,24,0,608,Yes
0.525,0,,6613.29,0.3,Rural,Gig,False,,0.058,47,1,697,No
0.129,0,Secondary,-11807.0,0.0,Semi-urban,Unemployed,False,,0.63,22,2,564,No
0.955,1,PG,50752.17,0.5,Rural,Salaried,True,0.813,0.423,64,1,850,Yes
0.782,0,UG,37983.11,0.188,Rural,Salaried,False,,0.115,30,2,769,Yes
0.615,1,Secondary,17508.18,0.052,Semi-urban,Self-employed,True,0.717,0.479,18,3,695,No
0.073,5,UG,5740.74,0.067,Semi-urban,Self-employed,False,,0.2,20,3,567,No
0.899,1,PG,51792.98,0.5,Urban,Self-employed,True,0.989,0.75,34,2,850,Yes
0.354,11,Secondary,7681.33,0.054,Urban,Gig,False,,0.352,54,2,580,No
0.382,9,,-3285.6,0.0,Urban,Gig,False,,0.507,57,2,586,No
0.974,1,PG,28466.64,0.38,Semi-urban,Salaried,True,0.5,0.353,55,1,784,Yes
0.971,0,PG,45017.54,0.4,Semi-urban,Salaried,True,0.835,0.44,62,3,850,Yes
0.685,8,,11028.66,0.29,Urban,Salaried,True,0.393,0.3,61,2,648,Yes
0.7,0,PG,39385.69,0.348,Urban,Salaried,True,0.74,0.785,50,0,842,Yes
0.941,2,UG,35101.69,0.25,Rural,Salaried,True,0.995,0.322,51,3,837,Yes
0.5,9,Secondary,13705.59,0.055,Rural,Self-employed,False,,0.261,51,0,635,No
0.214,1,,1900.97,0.054,Semi-urban,Gig,False,,0.2,57,2,607,Yes
0.943,8,Secondary,23755.76,0.4,Urban,Salaried,True,0.87,0.73,61,0,799,Yes
0.937,1,UG,46838.43,0.4,Rural,Self-employed,True,0.804,0.164,60,0,845,Yes
0.349,18,Secondary,4451.19,0.091,Urban,Gig,True,0.266,0.832,63,2,490,No
0.7,0,PG,51312.66,0.234,Semi-urban,Self-employed,True,0.859,0.798,61,0,831,Yes
0.705,10,Secondary,15670.56,0.195,Semi-urban,Salaried,True,0.698,0.884,61,1,662,Yes
0.752,5,PG,72285.53,0.5,Urban,Salaried,True,0.796,0.995,30,1,850,Yes
0.834,8,UG,25475.46,0.4,Urban,Salaried,False,,0.848,31,0,770,Yes
0.73,15,UG,25679.47,0.22,Semi-urban,Self-employed,True,0.563,0.803,31,0,660,Yes
0.5,7,Secondary,13627.47,0.3,Urban,Salaried,False,,0.719,63,2,669,Yes
0.794,0,PG,63909.89,0.5,Semi-urban,Salaried,True,0.7,0.348,26,4,799,Yes
0.759,0,PG,40761.04,0.223,Rural,Salaried,True,0.927,0.7,53,2,842,Yes
0.875,4,PG,39084.48,0.197,Semi-urban,Salaried,False,,0.627,31,1,789,Yes
0.392,11,,-1140.72,0.0,Urban,Gig,False,,0.727,24,3,569,No
0.193,1,Secondary,7625.82,0.045,Urban,Gig,False,,0.81,32,2,616,Yes
0.49,1,UG,7742.32,0.147,Rural,Salaried,False,,0.107,51,3,684,Yes
0.879,8,PG,75932.89,0.5,Semi-urban,Salaried,True,0.927,0.467,62,1,846,Yes
0.434,11,UG,4819.84,0.3,Semi-urban,Gig,False,,0.435,31,3,625,No
0.512,12,UG,2346.29,0.3,Semi-urban,Gig,True,0.193,0.2,42,3,563,Yes
0.967,0,PG,38894.89,0.225,Semi-urban,Salaried,True,0.859,0.607,44,2,850,Yes
0.782,4,UG,23864.34,0.29,Semi-urban,Salaried,True,0.5,0.429,48,0,725,Yes
0.847,4,UG,38252.86,0.4,Urban,Salaried,False,,0.894,22,2,775,Yes
0.779,8,UG,13848.52,0.004,Semi-urban,Salaried,True,0.244,0.378,64,0,635,No
0.757,9,UG,29262.56,0.311,Semi-urban,Salaried,True,0.5,0.367,58,2,683,No
0.512,9,UG,8045.71,0.3,Rural,Gig,True,0.155,0.229,34,0,596,Yes
0.94,1,PG,47396.84,0.4,Rural,Salaried,False,,0.127,25,0,837,Yes
0.786,2,UG,32702.22,0.4,Rural,Salaried,True,0.818,0.315,50,3,814,Yes
0.948,2,UG,28732.8,0.081,Semi-urban,Salaried,True,0.852,0.826,23,0,809,Yes
0.822,0,PG,51476.74,0.5,Urban,Salaried,True,0.968,0.423,57,2,850,Yes
0.5,0,Secondary,17616.3,0.105,Urban,Salaried,True,0.695,0.842,49,1,685,Yes
0.943,2,,43544.41,0.302,Rural,Self-employed,True,0.931,0.116,36,2,837,Yes
0.7,0,UG,31813.58,0.4,Semi-urban,Salaried,False,,0.422,57,0,779,Yes
0.733,0,Secondary,27384.13,0.4,Semi-urban,Self-employed,True,0.5,0.838,33,0,736,Yes
0.625,8,UG,16863.36,0.282,Urban,Salaried,False,,0.992,18,2,693,Yes
0.582,1,UG,-2742.79,0.0,Rural,Unemployed,False,,0.017,34,0,665,No
0.895,4,PG,45069.31,0.4,Semi-urban,Salaried,True,0.877,0.636,51,2,850,Yes
0.214,27,PG,-13738.43,0.0,Semi-urban,Unemployed,False,,0.218,62,2,466,Yes
0.518,10,UG,-6827.23,0.0,Semi-urban,Self-employed,False,,0.59,64,2,608,Yes
0.7,2,PG,54181.09,0.14,Rural,Salaried,True,0.943,0.1,51,2,814,Yes
0.488,29,,1436.73,0.275,Rural,Gig,True,0.594,0.121,24,0,497,No
0.15,1,Secondary,-7162.02,0.0,Semi-urban,Unemployed,False,,0.25,22,0,569,No
0.64,5,Secondary,4283.64,0.191,Rural,Gig,False,,0.055,18,0,645,No
0.132,2,Secondary,7743.03,0.012,Urban,Self-employed,False,,0.578,28,3,599,Yes
0.378,6,Secondary,-8023.08,0.0,Urban,Unemployed,False,,0.593,18,1,577,No
0.874,1,Secondary,18132.28,0.299,Rural,Salaried,False,,0.084,47,2,753,Yes
0.893,3,PG,16286.64,0.3,Urban,Self-employed,True,0.508,0.3,40,2,727,Yes
0.7,1,UG,31943.13,0.4,Urban,Salaried,True,0.758,0.918,36,0,828,Yes
0.919,6,,21428.92,0.351,Urban,Self-employed,True,0.946,0.69,59,0,809,Yes
0.813,0,PG,37326.07,0.331,Semi-urban,Salaried,True,0.863,0.507,46,1,850,Yes
0.686,0,Secondary,17841.02,0.013,Urban,Salaried,False,,0.568,22,2,692,Yes
0.989,0,UG,44801.17,0.4,Semi-urban,Self-employed,True,0.793,0.434,46,3,850,Yes
0.96,5,PG,58681.61,0.316,Urban,Salaried,False,,0.899,27,1,824,Yes
0.141,26,Secondary,-2789.04,0.0,Urban,Unemployed,False,,0.886,18,0,460,No
0.381,7,,-9155.04,0.0,Urban,Unemployed,False,,0.596,44,2,602,No
0.13,4,,967.45,0.092,Urban,Gig,False,,0.74,40,1,609,No
0.396,8,UG,-9225.45,0.0,Rural,Unemployed,False,,0.078,48,2,588,No
0.835,2,Secondary,24626.18,0.27,Urban,Salaried,False,,0.734,22,1,744,Yes
0.666,9,UG,22205.2,0.354,Semi-urban,Salaried,True,0.696,0.834,62,0,703,Yes
0.271,11,Secondary,1272.06,0.024,Semi-urban,Salaried,True,0.111,0.2,32,3,504,No
0.841,1,Secondary,43301.38,0.4,Urban,Self-employed,True,0.968,0.339,45,1,835,Yes
0.5,10,UG,12503.66,0.005,Urban,Salaried,True,0.477,0.935,53,2,614,No
0.995,0,PG,53490.94,0.5,Rural,Salaried,True,0.957,0.254,36,0,850,Yes
0.79,0,UG,41320.37,0.156,Rural,Self-employed,False,,0.181,22,0,752,Yes
0.5,0,UG,20187.86,0.4,Semi-urban,Salaried,False,,0.404,29,0,749,Yes
0.5,1,UG,23321.06,0.397,Rural,Salaried,True,0.851,0.153,42,3,769,Yes
0.576,0,,24181.83,0.4,Semi-urban,Self-employed,False,,0.288,25,0,751,Yes
0.193,0,UG,6559.89,0.3,Semi-urban,Salaried,False,,0.307,24,2,650,Yes
0.673,8,UG,10561.48,0.144,Urban,Self-employed,False,,0.5,27,1,685,Yes
0.894,1,UG,27477.37,0.4,Urban,Salaried,True,0.657,0.923,35,1,788,Yes
0.5,0,UG,18317.66,0.249,Semi-urban,Salaried,True,0.612,0.637,37,4,689,No
0.742,0,UG,45606.63,0.4,Rural,Salaried,True,0.75,0.445,49,2,833,Yes
0.218,5,,789.9,0.174,Urban,Self-employed,False,,0.693,20,1,613,Yes
0.998,2,UG,25889.71,0.223,Urban,Salaried,False,,0.743,29,0,803,Yes
0.211,17,,-8453.32,0.0,Rural,Unemployed,False,,0.247,55,1,527,No
0.325,4,UG,-16977.91,0.0,Urban,Unemployed,False,,0.373,54,4,586,No
0.218,36,,-4752.73,0.0,Urban,Unemployed,False,,0.953,26,0,455,No
0.64,13,PG,11172.03,0.012,Urban,Salaried,True,0.354,0.957,32,1,624,Yes
0.5,20,,10549.78,0.113,Urban,Salaried,True,0.42,0.978,35,3,565,No
0.895,5,Secondary,15018.58,0.093,Semi-urban,Salaried,False,,0.46,39,1,724,Yes
0.774,0,Secondary,27180.53,0.4,Urban,Salaried,True,0.5,0.56,24,0,726,Yes
0.347,1,Secondary,-1674.18,0.0,Urban,Gig,False,,0.514,64,2,608,Yes
0.446,27,Secondary,7332.65,0.173,Semi-urban,Gig,False,,0.821,44,0,544,No
0.88,11,Secondary,14068.46,0.3,Urban,Gig,False,,0.887,38,1,701,Yes
0.7,7,UG,26828.03,0.4,Urban,Salaried,True,0.5,0.737,30,3,704,No
0.663,4,Secondary,21326.16,0.4,Semi-urban,Self-employed,True,0.662,0.538,39,2,697,Yes
0.283,31,Secondary,2049.2,0.205,Urban,Self-employed,True,0.106,0.833,23,3,407,No
0.743,0,UG,23279.66,0.245,Urban,Salaried,True,0.5,0.3,63,0,722,No
0.521,0,Secondary,9418.67,0.106,Semi-urban,Salaried,False,,0.362,34,3,681,No
0.577,7,Secondary,19352.81,0.3,Semi-urban,Salaried,False,,0.369,35,0,698,No
0.709,4,UG,54371.93,0.5,Urban,Self-employed,True,0.978,0.369,54,0,839,Yes
0.353,36,Secondary,-5129.74,0.0,Rural,Unemployed,False,,0.55,41,0,451,No
0.405,2,UG,-10698.87,0.0,Rural,Unemployed,False,,0.7,33,1,636,No
0.704,3,PG,21749.27,0.4,Rural,Salaried,True,0.624,0.451,57,1,734,Yes
0.574,7,Secondary,4630.14,0.089,Urban,Salaried,False,,0.749,48,2,659,Yes
0.7,2,PG,26057.1,0.281,Urban,Salaried,True,0.739,0.734,31,1,805,Yes
0.461,5,,6123.92,0.049,Urban,Self-employed,False,,0.5,27,2,651,Yes
0.536,4,Secondary,23685.02,0.4,Urban,Self-employed,True,0.5,0.71,46,1,677,No
0.635,9,Secondary,10671.31,0.109,Semi-urban,Gig,True,0.341,0.573,63,0,594,Yes
0.813,2,UG,17637.17,0.3,Rural,Gig,False,,0.68,56,1,741,Yes
0.592,4,UG,16424.04,0.3,Rural,Salaried,True,0.728,0.159,54,2,745,Yes
0.5,41,Secondary,12005.3,0.3,Rural,Salaried,True,0.371,0.244,20,2,431,No
0.913,1,PG,49972.58,0.24,Semi-urban,Salaried,True,0.996,0.572,32,3,850,Yes
0.973,0,PG,52027.33,0.5,Semi-urban,Salaried,True,0.845,0.227,50,3,850,Yes
0.12,2,,4784.88,0.3,Urban,Gig,True,0.415,0.886,55,0,607,No
0.434,1,,1670.59,0.012,Semi-urban,Salaried,False,,0.268,35,2,664,Yes
0.744,2,,26179.83,0.164,Semi-urban,Self-employed,False,,0.914,40,2,746,Yes
0.141,1,PG,-2659.46,0.0,Rural,Gig,False,,0.546,50,4,604,Yes
0.7,1,UG,31116.05,0.018,Semi-urban,Salaried,True,0.873,0.825,23,2,767,Yes
0.7,4,PG,50111.31,0.268,Urban,Salaried,True,0.937,0.733,56,1,824,Yes
0.14,2,,-2511.62,0.0,Urban,Gig,False,,0.505,53,2,598,Yes
0.5,1,Secondary,23848.99,0.4,Rural,Salaried,True,0.925,0.275,27,0,778,Yes
0.337,18,Secondary,-9570.97,0.0,Urban,Gig,False,,0.706,43,4,517,No
0.119,10,Secondary,-1486.15,0.0,Semi-urban,Gig,False,,0.491,33,2,540,No
0.828,4,PG,61580.5,0.124,Rural,Self-employed,False,,0.655,26,4,762,No
0.893,1,Secondary,26881.25,0.044,Urban,Self-employed,True,0.86,0.951,63,4,769,Yes
0.526,5,UG,7000.57,0.3,Urban,Salaried,False,,0.751,36,0,711,No
0.317,7,,-6631.99,0.0,Urban,Unemployed,False,,0.909,40,0,611,No
0.142,18,,3976.59,0.003,Rural,Gig,False,,0.094,40,0,527,No
0.618,3,Secondary,18644.22,0.162,Semi-urban,Self-employed,True,0.5,0.454,54,3,650,No
0.89,2,Secondary,18464.3,0.258,Urban,Self-employed,False,,0.662,44,2,748,Yes
0.856,3,Secondary,26213.11,0.4,Urban,Self-employed,True,0.614,0.598,59,1,727,Yes
0.152,13,,7828.09,0.054,Rural,Gig,False,,0.126,46,3,548,No
0.684,1,UG,18945.86,0.012,Rural,Salaried,False,,0.115,43,3,709,Yes
0.5,5,Secondary,20475.74,0.356,Semi-urban,Salaried,False,,0.472,19,0,686,No
0.7,3,UG,28957.23,0.4,Urban,Salaried,False,,0.997,29,1,777,Yes
0.836,1,Secondary,18684.85,0.031,Rural,Salaried,True,0.681,0.037,53,0,709,No
0.826,2,UG,42246.36,0.195,Semi-urban,Self-employed,True,0.961,0.286,23,1,799,Yes
0.816,6,PG,26509.13,0.4,Urban,Salaried,True,0.56,0.673,40,2,744,Yes
0.277,5,Secondary,8049.57,0.101,Urban,Gig,True,0.443,0.731,62,2,561,No
0.7,1,UG,29883.68,0.227,Semi-urban,Salaried,False,,0.44,45,3,750,Yes
0.7,4,UG,38568.01,0.312,Urban,Salaried,True,0.817,0.641,64,2,790,Yes
0.954,2,,41251.35,0.4,Urban,Self-employed,True,0.715,0.58,48,1,843,Yes
0.5,0,Secondary,11421.68,0.039,Semi-urban,Salaried,False,,0.381,29,2,678,Yes
0.356,7,,-14125.6,0.0,Urban,Unemployed,True,0.684,0.3,45,3,561,No
0.388,10,,5728.28,0.218,Rural,Self-employed,False,,0.466,32,2,632,Yes
0.5,1,UG,13734.5,0.026,Urban,Salaried,False,,0.857,36,3,694,No
0.7,2,PG,49278.0,0.221,Urban,Salaried,True,0.917,0.377,50,2,825,Yes
0.987,1,Secondary,37849.39,0.4,Urban,Self-employed,False,,0.582,46,0,808,Yes
0.782,9,UG,24796.45,0.282,Urban,Salaried,False,,0.772,21,3,708,Yes
0.86,1,UG,51205.45,0.5,Semi-urban,Self-employed,True,0.884,0.785,18,0,850,Yes
0.999,0,PG,37092.56,0.4,Urban,Salaried,True,0.898,0.746,51,0,850,Yes
0.815,20,UG,20202.55,0.4,Urban,Salaried,True,0.81,0.62,46,3,721,Yes
0.471,21,Secondary,5917.46,0.3,Urban,Gig,True,0.344,0.861,35,0,541,No
0.328,3,,-19990.4,0.0,Urban,Unemployed,True,0.331,0.916,49,4,550,No
0.593,9,,-5856.48,0.0,Rural,Unemployed,True,0.138,0.12,55,0,560,No
0.343,4,,-12432.68,0.0,Semi-urban,Unemployed,False,,0.652,39,3,604,No
0.936,1,UG,34157.11,0.4,Semi-urban,Salaried,False,,0.53,24,1,796,Yes
0.535,5,Secondary,18643.89,0.272,Semi-urban,Self-employed,False,,0.2,64,2,665,Yes
0.102,15,Secondary,1850.34,0.011,Rural,Gig,True,0.619,0.423,55,0,500,No
0.703,0,UG,25998.85,0.394,Rural,Self-employed,True,0.635,0.029,42,2,730,Yes
0.5,2,Secondary,15455.74,0.087,Rural,Self-employed,False,,0.444,26,0,679,No
0.792,8,Secondary,22690.02,0.373,Semi-urban,Self-employed,False,,0.889,44,1,729,Yes
0.5,4,Secondary,13975.33,0.291,Semi-urban,Salaried,True,0.163,0.646,48,0,639,Yes
0.221,1,Secondary,-6539.99,0.0,Rural,Gig,False,,0.125,39,4,577,No
0.764,0,UG,44753.22,0.156,Rural,Salaried,True,0.85,0.635,43,1,828,Yes
0.408,8,Secondary,518.26,0.006,Urban,Gig,False,,0.962,26,2,603,No
0.707,0,PG,59347.72,0.5,Semi-urban,Salaried,True,0.843,0.22,64,0,850,Yes
0.51,40,PG,4782.03,0.224,Rural,Self-employed,False,,0.038,36,1,505,No
0.692,2,UG,22786.64,0.4,Urban,Salaried,True,0.616,0.701,39,1,742,Yes
0.875,3,UG,47950.8,0.3,Urban,Self-employed,False,,0.883,23,1,779,Yes
0.503,3,UG,14205.65,0.047,Rural,Gig,True,0.203,0.024,51,2,596,No
0.7,2,Secondary,26107.61,0.4,Urban,Self-employed,True,0.633,0.62,47,1,722,Yes
0.951,12,UG,25023.82,0.069,Urban,Salaried,False,,0.858,33,2,723,Yes
0.838,3,Secondary,19210.0,0.09,Urban,Self-employed,True,0.791,0.9,59,2,751,Yes
0.5,3,Secondary,14625.02,0.143,Urban,Salaried,False,,0.886,30,1,692,Yes
0.361,13,Secondary,6152.58,0.3,Urban,Self-employed,True,0.776,0.544,53,1,649,No
0.172,20,Secondary,8832.32,0.118,Rural,Gig,False,,0.179,23,1,499,No
0.784,0,UG,26918.92,0.4,Rural,Self-employed,False,,0.235,45,3,767,Yes
0.5,7,,10930.67,0.072,Urban,Salaried,True,0.556,0.791,61,0,638,Yes
0.5,3,Secondary,24431.88,0.4,Rural,Salaried,True,0.5,0.074,29,0,680,Yes
0.5,1,Secondary,22926.19,0.213,Urban,Salaried,True,0.677,0.832,52,2,690,Yes
0.7,0,UG,42463.01,0.052,Semi-urban,Self-employed,True,0.7,0.374,47,1,729,Yes
0.96,0,UG,28478.92,0.264,Rural,Salaried,True,0.605,0.415,31,0,780,Yes
0.484,2,PG,-6179.23,0.0,Semi-urban,Unemployed,False,,0.64,34,2,655,No
0.832,0,UG,26297.27,0.053,Semi-urban,Salaried,True,0.5,0.647,45,0,736,Yes
0.843,11,,13410.62,0.11,Rural,Self-employed,True,0.515,0.498,53,2,653,No
0.7,2,,29372.85,0.4,Urban,Self-employed,False,,0.3,60,0,754,Yes
0.548,10,UG,20882.41,0.4,Rural,Salaried,True,0.5,0.532,55,4,653,No
0.646,4,Secondary,22881.56,0.087,Semi-urban,Salaried,True,0.928,0.2,18,0,730,Yes
0.717,1,UG,38939.6,0.033,Rural,Salaried,True,0.727,0.309,48,0,786,Yes
0.944,5,Secondary,28302.32,0.249,Semi-urban,Self-employed,True,0.5,0.696,62,2,704,Yes
0.94,0,PG,59968.77,0.37,Urban,Salaried,True,0.973,0.361,59,1,850,Yes
0.858,2,UG,25560.72,0.4,Urban,Salaried,False,,0.732,45,1,796,Yes
0.576,5,UG,24216.8,0.319,Semi-urban,Salaried,True,0.844,0.2,61,1,753,Yes
0.845,0,PG,60883.85,0.5,Rural,Salaried,True,0.7,0.282,33,0,824,Yes
0.814,3,UG,28977.47,0.257,Urban,Self-employed,False,,0.682,38,2,758,Yes
0.7,0,UG,62208.73,0.5,Rural,Self-employed,True,0.822,0.145,22,0,821,Yes
0.131,5,,-7736.5,0.0,Urban,Unemployed,False,,0.783,62,1,577,No
0.824,8,PG,29167.78,0.319,Urban,Salaried,True,0.5,0.824,61,2,717,Yes
0.37,14,UG,-4565.12,0.0,Urban,Unemployed,False,,0.856,31,0,585,No
0.664,1,Secondary,20446.29,0.153,Semi-urban,Salaried,True,0.826,0.296,56,1,750,Yes
0.281,5,,7648.41,0.062,Semi-urban,Salaried,False,,0.435,64,4,617,Yes
0.706,8,UG,28550.94,0.193,Rural,Self-employed,True,0.613,0.109,51,3,667,Yes
0.972,0,UG,49478.43,0.4,Urban,Self-employed,True,0.835,0.577,22,0,850,Yes
0.273,17,Secondary,-16639.37,0.0,Semi-urban,Unemployed,True,0.328,0.525,61,2,453,No
0.904,0,PG,55360.89,0.5,Semi-urban,Salaried,True,0.826,0.594,52,2,850,Yes
0.838,1,Secondary,14922.34,0.004,Urban,Salaried,True,0.396,0.825,34,0,695,Yes
0.393,18,,4315.66,0.3,Semi-urban,Gig,False,,0.347,55,2,587,No
0.549,0,UG,17991.18,0.3,Urban,Gig,True,0.743,0.917,33,0,767,Yes
0.933,3,Secondary,25388.88,0.196,Semi-urban,Self-employed,True,0.802,0.482,19,2,764,Yes
0.5,5,Secondary,10486.48,0.011,Urban,Salaried,False,,0.804,38,0,668,Yes
0.497,0,Secondary,5033.59,0.3,Urban,Salaried,True,0.513,0.876,18,2,653,Yes
0.909,1,PG,46284.32,0.4,Urban,Salaried,True,0.7,0.401,49,3,802,Yes
0.607,3,,-14073.51,0.0,Rural,Unemployed,False,,0.434,49,2,645,No
0.903,1,PG,34024.9,0.4,Urban,Salaried,True,0.908,0.875,33,1,850,Yes
0.5,4,Secondary,14217.1,0.202,Urban,Salaried,False,,0.878,19,2,667,Yes
0.974,4,UG,59708.75,0.5,Rural,Salaried,True,0.704,0.154,55,0,850,Yes
0.5,6,UG,21773.57,0.4,Urban,Salaried,True,0.5,0.3,61,0,672,No
0.939,7,Secondary,26618.27,0.128,Rural,Self-employed,True,0.579,0.006,50,3,677,Yes
0.794,21,Secondary,12751.22,0.151,Urban,Self-employed,True,0.383,0.941,37,2,583,Yes
0.533,2,Secondary,16983.15,0.262,Urban,Salaried,True,0.595,0.67,29,1,683,Yes
0.7,0,PG,42756.27,0.4,Semi-urban,Salaried,True,0.733,0.511,36,2,834,Yes
0.5,0,Secondary,20421.56,0.4,Urban,Salaried,True,0.623,0.836,27,0,716,Yes
0.321,2,Secondary,6263.81,0.037,Rural,Salaried,True,0.289,0.002,50,5,563,No
0.635,5,UG,17522.17,0.19,Urban,Salaried,True,0.794,0.699,56,2,742,No
0.925,0,PG,37010.95,0.4,Urban,Self-employed,True,0.945,0.82,34,3,850,Yes
0.911,7,UG,25678.88,0.311,Urban,Salaried,False,,0.526,37,2,760,Yes
0.466,9,UG,-3803.69,0.0,Semi-urban,Unemployed,False,,0.291,31,0,613,Yes
0.341,12,Secondary,651.52,0.189,Rural,Gig,True,0.507,0.398,50,2,545,No
0.159,4,Secondary,-2820.45,0.0,Semi-urban,Gig,False,,0.472,20,3,549,No
0.172,2,Secondary,3952.02,0.3,Urban,Gig,False,,0.587,40,0,635,Yes
0.151,7,,-12922.82,0.0,Urban,Unemployed,False,,0.463,49,2,563,No
0.7,6,UG,28169.01,0.4,Semi-urban,Self-employed,False,,0.879,37,2,744,Yes
0.686,3,Secondary,10654.07,0.216,Rural,Salaried,True,0.513,0.267,57,2,659,Yes
0.833,2,UG,48147.94,0.187,Urban,Self-employed,True,0.984,0.971,21,0,826,Yes
0.817,1,UG,59952.11,0.5,Semi-urban,Self-employed,True,0.781,0.495,53,3,841,Yes
0.773,2,Secondary,12280.2,0.036,Semi-urban,Self-employed,False,,0.546,21,2,681,Yes
0.989,1,UG,29298.83,0.4,Urban,Salaried,True,0.5,0.815,29,0,794,Yes
0.792,6,,10392.59,0.3,Semi-urban,Salaried,False,,0.2,22,1,711,Yes
0.5,7,UG,13717.89,0.098,Urban,Salaried,True,0.066,0.628,30,1,606,Yes
0.468,15,PG,-10064.85,0.0,Urban,Unemployed,True,0.1,0.647,64,2,506,No
0.577,1,Secondary,-8510.63,0.0,Urban,Self-employed,False,,0.547,63,3,639,Yes
0.823,1,PG,49456.55,0.4,Semi-urban,Salaried,True,0.992,0.673,51,2,850,Yes
0.853,1,PG,79102.35,0.5,Rural,Salaried,True,0.878,0.125,28,0,850,Yes
0.354,3,UG,3987.83,0.05,Semi-urban,Salaried,False,,0.2,47,3,643,Yes
0.343,13,,4962.24,0.198,Urban,Gig,False,,0.95,19,1,592,No
0.149,11,Secondary,1463.43,0.057,Semi-urban,Gig,False,,0.643,57,2,541,No
0.731,11,UG,12780.56,0.3,Semi-urban,Gig,True,0.018,0.515,51,2,606,No
0.534,0,UG,18506.38,0.089,Semi-urban,Self-employed,False,,0.663,45,1,711,Yes
0.484,2,Secondary,-4748.88,0.0,Rural,Unemployed,False,,0.594,57,0,630,No
0.928,1,PG,58680.18,0.333,Semi-urban,Salaried,True,0.892,0.2,52,0,850,Yes
0.935,2,UG,15148.45,0.066,Urban,Salaried,True,0.77,0.403,58,3,772,Yes
0.7,3,PG,48778.81,0.399,Rural,Salaried,True,0.859,0.037,43,0,836,Yes
0.933,2,UG,29957.07,0.221,Semi-urban,Salaried,True,0.5,0.2,52,1,746,Yes
0.795,0,UG,32010.46,0.4,Semi-urban,Salaried,True,0.7,0.324,20,1,755,Yes
0.501,10,,7914.18,0.3,Rural,Salaried,False,,0.173,35,3,657,Yes
0.996,0,PG,80673.72,0.441,Urban,Salaried,True,0.976,0.861,30,0,850,Yes
0.969,2,UG,32354.63,0.232,Semi-urban,Salaried,False,,0.619,24,0,784,Yes
0.852,3,PG,30130.48,0.4,Rural,Salaried,False,,0.042,49,0,796,Yes
0.702,0,UG,31861.44,0.325,Semi-urban,Salaried,True,0.728,0.42,43,1,809,Yes
0.239,8,UG,-6387.36,0.0,Urban,Unemployed,False,,0.975,36,0,597,No
0.7,0,UG,33629.58,0.4,Urban,Salaried,True,0.707,0.323,41,1,814,No
0.5,40,Secondary,16943.57,0.104,Urban,Self-employed,False,,0.552,42,2,484,Yes
0.606,13,Secondary,15976.01,0.12,Semi-urban,Salaried,False,,0.394,28,2,641,Yes
0.975,0,UG,27559.76,0.4,Urban,Self-employed,False,,0.971,23,2,794,Yes
0.244,0,,9607.9,0.001,Urban,Salaried,True,0.167,0.778,53,2,597,No
0.524,4,UG,18022.4,0.014,Urban,Salaried,True,0.834,0.95,18,1,718,Yes
0.057,3,Secondary,9616.18,0.181,Semi-urban,Salaried,False,,0.242,49,2,611,No
0.404,18,Secondary,4934.08,0.288,Semi-urban,Gig,True,0.247,0.61,62,0,522,No
0.875,3,UG,18056.57,0.143,Rural,Salaried,False,,0.197,55,2,744,Yes
0.343,5,Secondary,-1292.97,0.0,Urban,Gig,False,,0.795,22,4,573,No
0.949,3,UG,47091.11,0.199,Rural,Salaried,True,0.7,0.181,62,1,764,Yes
0.353,3,Secondary,1573.57,0.031,Rural,Salaried,True,0.381,0.45,33,4,578,No
0.912,2,PG,50592.49,0.5,Semi-urban,Salaried,True,0.937,0.49,48,0,850,Yes
0.5,0,,19777.97,0.034,Rural,Self-employed,True,0.83,0.039,60,2,715,Yes
0.973,3,Secondary,25782.09,0.061,Urban,Salaried,False,,0.911,21,1,742,Yes
0.111,19,Secondary,3338.92,0.288,Rural,Gig,False,,0.257,29,2,523,No
0.87,0,UG,29256.77,0.283,Rural,Salaried,True,0.924,0.275,26,0,843,Yes
0.5,0,UG,19224.91,0.3,Rural,Salaried,True,0.684,0.163,42,0,712,Yes
0.83,4,PG,48339.1,0.356,Urban,Salaried,True,0.738,0.911,46,2,842,Yes
0.7,1,UG,31004.87,0.234,Rural,Salaried,False,,0.486,48,1,763,Yes
0.808,6,UG,25154.41,0.314,Rural,Salaried,True,0.5,0.284,33,2,710,Yes
0.906,0,UG,43640.4,0.071,Rural,Self-employed,True,0.966,0.185,30,1,828,Yes
0.676,0,,17654.63,0.3,Rural,Salaried,True,0.769,0.517,58,0,789,Yes
0.878,6,Secondary,27576.95,0.4,Rural,Self-employed,True,0.61,0.034,43,1,714,Yes
0.655,2,,14415.94,0.3,Urban,Salaried,True,0.231,0.819,43,0,695,Yes
0.663,2,UG,18699.51,0.222,Rural,Salaried,False,,0.031,21,1,710,Yes
0.667,20,Secondary,11025.25,0.252,Semi-urban,Self-employed,True,0.614,0.2,55,1,587,No
0.5,16,Secondary,10037.52,0.138,Semi-urban,Self-employed,True,0.393,0.644,59,1,553,No
0.8,3,UG,78834.92,0.432,Semi-urban,Self-employed,True,0.7,0.316,25,0,777,Yes
0.5,7,Secondary,15861.78,0.057,Urban,Salaried,True,0.5,0.768,19,3,596,No
0.623,4,Secondary,6710.77,0.106,Rural,Gig,False,,0.135,55,0,663,Yes
0.967,7,UG,25082.19,0.202,Rural,Salaried,True,0.671,0.223,19,1,713,Yes
0.216,13,Secondary,8089.22,0.3,Urban,Salaried,True,0.728,0.52,45,3,626,Yes
0.5,0,Secondary,23992.74,0.116,Semi-urban,Self-employed,True,0.564,0.259,48,1,660,No
0.19,4,,6406.93,0.3,Semi-urban,Gig,False,,0.2,59,0,628,No
0.653,5,Secondary,15894.07,0.256,Semi-urban,Self-employed,False,,0.287,27,0,699,Yes
0.5,3,Secondary,12553.4,0.169,Rural,Salaried,False,,0.7,61,4,664,Yes
0.5,10,Secondary,17983.12,0.031,Rural,Salaried,True,0.5,0.583,43,0,612,Yes
0.5,4,UG,18594.21,0.3,Urban,Salaried,True,0.85,0.97,34,2,760,Yes
0.446,7,UG,-1509.15,0.0,Urban,Gig,False,,0.883,28,3,619,Yes
0.5,0,Secondary,11199.34,0.3,Semi-urban,Salaried,True,0.219,0.658,60,3,636,Yes
0.224,1,Secondary,-16147.92,0.0,Urban,Unemployed,True,0.223,0.508,61,4,508,No
0.794,1,UG,27950.52,0.4,Rural,Self-employed,False,,0.211,48,2,769,Yes
0.811,4,UG,24483.49,0.4,Semi-urban,Salaried,True,0.519,0.495,30,3,729,Yes
0.423,3,Secondary,-5212.28,0.0,Semi-urban,Unemployed,False,,0.862,51,1,627,No
0.237,0,Secondary,6801.16,0.138,Urban,Salaried,False,,0.635,50,2,652,Yes
0.286,16,,3815.92,0.3,Urban,Salaried,False,,0.856,24,3,586,Yes
0.496,25,Secondary,-4176.27,0.0,Semi-urban,Gig,False,,0.444,47,4,505,No
0.473,0,,7945.27,0.064,Rural,Gig,True,0.336,0.558,54,1,628,No
0.5,7,PG,18796.03,0.296,Semi-urban,Self-employed,True,0.597,0.2,63,1,655,No
0.945,1,PG,49990.2,0.319,Rural,Salaried,True,0.803,0.057,47,0,850,Yes
0.128,9,,523.04,0.163,Semi-urban,Gig,True,0.618,0.721,52,3,553,No
0.5,4,Secondary,14907.75,0.3,Semi-urban,Self-employed,False,,0.508,18,0,671,Yes
0.085,1,Secondary,154.64,0.009,Urban,Gig,True,0.328,0.705,45,1,543,No
0.145,28,Secondary,-6388.13,0.0,Rural,Unemployed,True,0.471,0.104,49,1,408,No
0.859,0,Secondary,44341.49,0.4,Urban,Self-employed,True,1.0,0.48,52,0,850,Yes
0.973,1,UG,35921.44,0.4,Urban,Salaried,True,0.912,0.5,27,0,850,Yes
0.9,4,PG,53014.83,0.5,Semi-urban,Salaried,True,0.765,0.369,59,4,839,Yes
0.5,0,Secondary,12565.56,0.089,Rural,Salaried,False,,0.012,22,0,667,Yes
0.7,1,PG,56602.26,0.5,Urban,Salaried,True,0.7,0.52,46,2,794,Yes
0.762,0,UG,31255.88,0.182,Urban,Salaried,True,0.941,0.5,29,1,821,Yes
0.144,1,Secondary,2494.13,0.141,Semi-urban,Gig,True,0.302,0.513,61,1,551,No
0.595,5,UG,18762.38,0.005,Rural,Salaried,True,0.631,0.674,50,3,661,No
0.099,0,Secondary,8592.94,0.145,Semi-urban,Salaried,True,0.673,0.475,55,4,600,No
0.974,3,UG,30838.14,0.164,Urban,Salaried,True,0.974,0.758,31,1,841,Yes
0.745,3,Secondary,18112.95,0.079,Urban,Salaried,False,,0.593,50,4,703,Yes
0.5,0,Secondary,21244.04,0.4,Rural,Self-employed,True,0.684,0.031,43,2,686,Yes
0.533,5,UG,18961.43,0.026,Semi-urban,Salaried,False,,0.2,36,2,676,Yes
0.794,1,UG,28235.1,0.4,Rural,Salaried,False,,0.351,62,0,782,Yes
0.5,9,Secondary,17158.05,0.269,Urban,Salaried,True,0.864,0.979,28,1,722,Yes
0.5,4,UG,20827.36,0.127,Urban,Self-employed,True,0.76,0.943,29,2,728,Yes
0.946,6,UG,29055.78,0.4,Rural,Salaried,False,,0.397,32,3,775,Yes
0.895,6,Secondary,21908.96,0.4,Semi-urban,Salaried,False,,0.472,53,0,762,Yes
0.328,1,UG,9846.03,0.237,Semi-urban,Self-employed,True,0.364,0.364,36,1,630,Yes
0.5,7,UG,24749.37,0.231,Urban,Salaried,True,0.5,0.965,24,4,637,No
0.689,1,Secondary,12236.24,0.255,Semi-urban,Gig,True,0.345,0.512,53,0,667,No
0.595,2,UG,22166.16,0.4,Urban,Salaried,True,0.679,0.826,39,2,731,Yes
0.533,7,,5291.17,0.035,Urban,Gig,True,0.351,0.886,49,1,604,No
0.837,0,UG,50418.07,0.5,Rural,Self-employed,True,0.98,0.676,21,2,850,Yes
0.614,6,Secondary,19398.34,0.3,Semi-urban,Salaried,True,0.5,0.25,28,1,665,No
0.978,1,UG,41874.51,0.328,Semi-urban,Gig,False,,0.567,21,0,788,Yes
0.7,3,PG,35352.82,0.239,Semi-urban,Salaried,True,0.855,0.575,52,2,807,Yes
0.892,21,Secondary,12315.31,0.028,Urban,Salaried,False,,0.6,29,3,627,Yes
0.5,12,Secondary,12832.15,0.212,Semi-urban,Salaried,True,0.276,0.66,62,2,579,No
0.537,7,UG,6321.56,0.3,Semi-urban,Gig,False,,0.357,62,2,654,Yes
0.224,3,,6628.47,0.187,Urban,Gig,False,,0.739,28,0,647,No
0.5,1,Secondary,11112.78,0.294,Rural,Salaried,False,,0.052,40,3,687,Yes
0.5,2,UG,20801.41,0.063,Rural,Salaried,False,,0.165,38,1,696,Yes
0.5,7,UG,23488.28,0.268,Urban,Salaried,False,,0.931,30,5,689,No
0.108,24,Secondary,1591.03,0.061,Semi-urban,Gig,False,,0.592,40,2,480,No
0.48,1,Secondary,-6456.54,0.0,Urban,Unemployed,False,,0.827,35,0,648,No
0.862,0,UG,37791.12,0.4,Rural,Salaried,False,,0.043,26,0,810,Yes
0.703,7,UG,14604.64,0.058,Urban,Salaried,False,,0.69,63,3,683,Yes
0.66,9,Secondary,18341.24,0.003,Urban,Self-employed,False,,0.3,53,0,658,Yes
0.381,2,Secondary,6193.55,0.3,Urban,Gig,True,0.663,0.463,60,0,631,No
0.896,2,UG,35661.34,0.4,Rural,Salaried,False,,0.155,45,0,805,Yes
0.952,0,PG,30939.53,0.4,Semi-urban,Salaried,False,,0.871,33,1,837,Yes
0.03,18,UG,4656.45,0.05,Rural,Gig,False,,0.331,63,3,496,No
0.769,6,,18992.67,0.3,Rural,Salaried,False,,0.35,50,0,744,Yes
0.708,10,PG,22451.24,0.322,Rural,Self-employed,True,0.918,0.548,29,3,758,Yes
0.265,27,Secondary,-11726.95,0.0,Rural,Unemployed,False,,0.359,63,1,458,No
0.883,1,UG,46457.63,0.163,Urban,Salaried,True,0.727,0.997,31,0,844,Yes
0.515,5,Secondary,-6772.12,0.0,Urban,Gig,False,,0.845,35,4,613,Yes
0.518,5,Secondary,20695.73,0.32,Semi-urban,Salaried,True,0.747,0.765,61,1,730,Yes
0.914,0,UG,47048.91,0.241,Semi-urban,Self-employed,True,0.885,0.631,22,1,832,Yes
0.952,1,Secondary,28652.02,0.111,Semi-urban,Self-employed,True,0.568,0.567,48,1,729,Yes
0.294,8,,3722.49,0.099,Semi-urban,Gig,False,,0.509,55,0,615,No
0.395,5,Secondary,-2310.4,0.0,Semi-urban,Gig,False,,0.2,39,2,597,No
0.977,1,PG,49800.07,0.4,Semi-urban,Salaried,True,0.939,0.206,21,2,850,Yes
0.257,41,UG,9186.43,0.3,Semi-urban,Salaried,True,0.186,0.517,63,4,400,No
0.43,21,Secondary,-9922.52,0.0,Urban,Unemployed,False,,0.874,30,2,528,No
0.122,18,Secondary,-759.48,0.0,Semi-urban,Gig,False,,0.673,23,4,475,No
0.248,27,Secondary,9395.98,0.3,Rural,Salaried,False,,0.248,26,1,535,No
0.402,24,UG,1889.59,0.3,Semi-urban,Salaried,False,,0.472,25,3,573,No
0.93,5,UG,74372.38,0.5,Urban,Self-employed,True,0.94,0.3,48,2,850,Yes
0.766,0,Secondary,34728.65,0.283,Semi-urban,Self-employed,True,0.844,0.28,32,0,803,Yes
0.7,1,Secondary,25953.53,0.261,Semi-urban,Salaried,True,0.809,0.439,19,1,763,Yes
0.279,0,Secondary,2114.48,0.3,Semi-urban,Gig,True,0.584,0.426,49,2,616,Yes
0.928,5,PG,53722.17,0.214,Rural,Self-employed,True,0.947,0.356,48,2,834,Yes
0.976,3,Secondary,18979.75,0.3,Semi-urban,Salaried,True,0.65,0.549,51,1,748,Yes
0.964,0,UG,44590.09,0.4,Urban,Self-employed,True,0.845,0.904,22,1,850,Yes
0.311,24,Secondary,-9250.96,0.0,Urban,Unemployed,False,,0.874,36,2,497,No
0.7,0,UG,29834.19,0.4,Urban,Salaried,True,0.5,0.528,55,1,748,Yes
0.5,5,Secondary,19256.03,0.233,Urban,Salaried,True,0.5,0.5,24,0,637,No
0.7,4,PG,59564.74,0.4,Rural,Self-employed,False,,0.404,32,2,777,Yes
0.623,0,UG,19043.45,0.08,Semi-urban,Salaried,True,0.515,0.847,42,0,707,Yes
0.186,0,Secondary,2435.26,0.165,Rural,Self-employed,True,0.287,0.7,33,3,576,No
0.825,0,,43893.7,0.336,Urban,Self-employed,True,0.7,0.946,28,3,777,Yes
0.93,8,Secondary,17887.15,0.061,Semi-urban,Salaried,True,0.687,0.2,58,2,673,No
0.908,4,UG,26360.71,0.4,Urban,Gig,False,,0.693,28,0,778,Yes
0.351,8,,-3287.21,0.0,Urban,Gig,False,,0.87,34,5,589,No
0.558,10,Secondary,-5922.32,0.0,Urban,Unemployed,False,,0.753,22,1,588,Yes
0.814,2,UG,53575.42,0.498,Urban,Self-employed,True,0.968,0.973,29,0,850,Yes
0.13,3,,8770.38,0.115,Urban,Salaried,False,,0.951,45,3,638,No
0.5,1,UG,16476.54,0.3,Urban,Salaried,True,0.763,0.7,41,2,761,Yes
0.595,0,Secondary,-8099.83,0.0,Semi-urban,Unemployed,True,0.227,0.638,30,2,596,No
0.834,3,Secondary,16864.06,0.282,Semi-urban,Self-employed,True,0.5,0.498,28,0,706,Yes
0.387,6,UG,3261.56,0.035,Urban,Gig,False,,0.854,31,0,639,Yes
0.724,4,Secondary,21767.41,0.275,Rural,Salaried,False,,0.061,47,0,727,Yes
0.759,1,PG,49176.56,0.4,Urban,Salaried,True,0.7,0.841,47,1,803,Yes
0.334,4,Secondary,9809.83,0.112,Rural,Salaried,True,0.179,0.024,47,1,577,Yes
0.063,8,,5324.12,0.091,Urban,Salaried,False,,0.737,48,2,598,No
0.96,1,PG,48597.86,0.4,Rural,Salaried,True,0.747,0.135,51,2,850,Yes
0.852,16,UG,19878.95,0.186,Rural,Self-employed,False,,0.115,32,3,666,Yes
0.572,4,Secondary,20435.23,0.4,Urban,Self-employed,False,,0.85,28,3,708,Yes
0.375,0,,-2254.58,0.0,Semi-urban,Gig,False,,0.433,59,3,624,Yes
0.626,22,PG,-137.59,0.0,Urban,Self-employed,False,,0.675,64,2,582,No
0.846,3,PG,42144.72,0.366,Urban,Salaried,True,0.961,0.811,43,0,850,Yes
0.634,4,UG,15528.36,0.3,Urban,Salaried,False,,0.744,34,2,730,Yes
0.7,0,Secondary,25212.36,0.4,Urban,Salaried,False,,0.97,39,0,778,Yes
0.503,2,Secondary,-4016.24,0.0,Urban,Unemployed,False,,0.845,48,0,649,No
0.205,20,Secondary,2942.93,0.263,Semi-urban,Self-employed,False,,0.87,29,2,551,No
0.606,6,PG,18422.64,0.168,Urban,Self-employed,False,,0.315,42,0,707,Yes
0.969,5,UG,24443.68,0.4,Rural,Salaried,True,0.851,0.301,55,2,824,Yes
0.942,2,PG,64217.16,0.5,Urban,Self-employed,True,0.735,0.323,57,0,850,Yes
0.864,4,Secondary,11544.47,0.139,Semi-urban,Salaried,False,,0.674,25,3,720,No
0.5,10,Secondary,16637.69,0.3,Urban,Salaried,False,,0.731,18,0,657,Yes
